Rk,Player,Pos,Age,Tm,G,GS,MP,FG,FGA,FG%,3P,3PA,3P%,2P,2PA,2P%,FT,FTA,FT%,ORB,DRB,TRB,AST,STL,BLK,TOV,PF,PTS
1,Quincy Acy,SF,23,TOT,53,0,720,2.7,5.9,.470,0.2,0.6,.333,2.5,5.2,.486,1.3,1.9,.667,2.6,6.3,8.9,1.2,0.9,1.2,1.3,5.2,7.0
2,Steven Adams,C,20,OKC,66,12,966,2.7,5.6,.483,0.0,0.0,,2.7,5.6,.483,2.4,4.0,.593,4.4,5.7,10.1,1.4,1.0,1.8,2.2,6.4,7.8
3,Jeff Adrien,PF,27,TOT,38,0,508,4.7,8.8,.540,0.0,0.0,,4.7,8.8,.540,2.9,4.5,.651,4.7,8.3,13.0,1.2,1.1,1.8,1.3,4.7,12.4
4,Arron Afflalo,SG,28,ORL,58,58,2113,6.8,14.7,.464,1.9,4.3,.427,5.0,10.3,.479,3.8,4.7,.815,0.5,3.4,3.9,3.5,0.6,0.0,2.0,1.9,19.3
5,Alexis Ajinca,C,25,NOP,41,26,649,4.6,8.4,.550,0.0,0.0,,4.6,8.4,.550,1.6,2.0,.806,3.4,7.0,10.5,1.4,0.7,1.8,2.8,7.0,10.8
6,Cole Aldrich,C,25,NYK,33,1,171,3.4,6.1,.552,0.0,0.0,,3.4,6.1,.552,2.5,3.2,.800,4.0,10.5,14.5,1.9,0.6,3.2,2.1,3.4,9.3
7,LaMarcus Aldridge,PF,28,POR,60,60,2189,9.4,20.5,.459,0.0,0.2,.214,9.4,20.3,.461,4.2,5.2,.819,2.4,8.6,10.9,2.6,0.9,1.0,1.8,2.2,23.1
8,Lavoy Allen,PF,24,TOT,55,2,991,4.5,10.0,.447,0.1,0.5,.154,4.4,9.5,.462,1.0,1.5,.667,4.0,6.4,10.4,2.4,0.8,1.1,1.5,4.3,10.0
9,Ray Allen,SG,38,MIA,60,9,1579,4.4,9.8,.448,2.1,5.5,.379,2.3,4.4,.534,2.0,2.2,.918,0.4,3.6,4.0,2.8,1.0,0.2,1.6,2.2,12.9
10,Tony Allen,SG,32,MEM,40,27,1007,6.0,11.3,.533,0.4,1.3,.306,5.6,10.0,.562,2.1,3.3,.641,2.2,3.5,5.6,2.5,2.4,0.6,2.5,3.3,14.6
11,Al-Farouq Aminu,SF,23,NOP,64,57,1630,4.3,9.0,.477,0.2,0.9,.282,4.1,8.2,.497,1.4,2.2,.633,2.3,6.5,8.7,2.0,1.5,0.7,1.6,2.7,10.2
12,Louis Amundson,PF,31,NOP,18,0,184,3.1,6.3,.500,0.0,0.0,,3.1,6.3,.500,1.2,4.7,.250,5.5,5.3,10.8,1.2,1.8,2.2,2.7,9.6,7.4
13,Chris Andersen,C,35,MIA,57,0,1107,4.6,6.8,.671,0.1,0.4,.273,4.5,6.5,.693,2.8,4.0,.697,3.0,6.1,9.1,0.6,0.8,2.5,1.3,4.4,12.0
14,Alan Anderson,SF,31,BRK,64,25,1466,4.0,10.2,.394,1.9,5.3,.352,2.2,4.9,.440,1.8,2.3,.815,0.7,2.7,3.4,1.7,1.1,0.2,1.2,3.0,11.8
15,James Anderson,SG,24,PHI,66,48,1914,4.9,11.0,.443,1.7,5.3,.320,3.2,5.7,.558,1.2,1.7,.730,1.0,3.7,4.6,2.3,1.2,0.4,1.7,2.4,12.7
16,Ryan Anderson,PF,25,NOP,22,14,795,7.0,16.0,.438,3.0,7.4,.409,4.0,8.6,.463,2.7,2.8,.952,3.0,3.4,6.4,0.8,0.5,0.3,0.9,2.1,19.7
17,Giannis Antetokounmpo,SF,19,MIL,62,21,1505,3.3,8.1,.412,0.8,2.4,.320,2.6,5.7,.450,2.7,3.9,.695,1.6,4.9,6.5,2.9,1.1,1.2,2.3,3.3,10.2
18,Carmelo Anthony,PF,29,NYK,64,64,2483,9.3,20.4,.454,2.1,5.1,.415,7.1,15.3,.467,5.4,6.4,.841,1.9,5.8,7.7,2.8,1.1,0.6,2.3,2.6,26.0
19,Joel Anthony,C,31,TOT,25,0,94,2.7,7.3,.368,0.0,0.0,,2.7,7.3,.368,0.8,0.8,1.000,3.8,4.6,8.4,0.0,0.4,3.1,0.8,3.1,6.1
20,Pero Antic,PF,31,ATL,35,12,587,5.2,11.7,.447,2.6,6.8,.378,2.6,4.8,.544,1.7,2.3,.757,2.0,5.5,7.5,2.3,0.7,0.6,2.0,4.9,14.7
Rk,Player,Pos,Age,Tm,G,GS,MP,FG,FGA,FG%,3P,3PA,3P%,2P,2PA,2P%,FT,FTA,FT%,ORB,DRB,TRB,AST,STL,BLK,TOV,PF,PTS
21,Trevor Ariza,SF,28,WAS,61,61,2195,5.2,11.3,.457,2.5,6.0,.422,2.6,5.3,.497,2.1,2.6,.781,1.4,5.0,6.4,2.6,1.8,0.3,1.8,2.4,15.0
22,Hilton Armstrong,C,29,GSW,8,0,35,2.1,4.1,.500,0.0,0.0,,2.1,4.1,.500,2.1,8.2,.250,7.2,11.3,18.5,1.0,2.1,2.1,2.1,3.1,6.2
23,Darrell Arthur,SF,25,DEN,54,1,892,5.0,12.1,.413,0.3,0.7,.471,4.7,11.4,.410,1.6,1.8,.867,1.5,4.9,6.5,2.1,1.1,1.4,1.7,6.1,11.9
24,Omer Asik,C,27,HOU,33,8,555,3.0,6.1,.489,0.0,0.0,,3.0,6.1,.489,2.7,4.3,.612,3.7,9.3,13.0,1.0,0.4,0.9,2.3,3.5,8.6
25,D.J. Augustin,PG,26,TOT,56,9,1481,5.2,12.6,.413,2.4,6.0,.403,2.8,6.6,.423,3.5,3.9,.906,0.2,2.1,2.3,6.0,1.0,0.0,2.4,3.0,16.4
26,Gustavo Ayon,C,28,ATL,26,14,429,4.4,8.6,.510,0.0,0.0,,4.4,8.6,.510,0.7,1.7,.400,3.5,7.0,10.5,2.3,2.1,0.8,2.4,3.9,9.4
27,Jeff Ayres,PF,26,SAS,59,10,761,3.5,6.3,.560,0.0,0.0,,3.5,6.3,.560,1.3,1.9,.700,3.1,6.5,9.6,2.4,0.5,0.7,2.4,5.5,8.4
28,Chris Babb,SG,23,BOS,6,0,69,2.6,7.3,.357,1.6,6.3,.250,1.0,1.0,1.000,0.0,0.0,,0.5,3.7,4.2,0.5,0.0,0.0,1.0,3.1,6.8
29,Luke Babbitt,PF,24,NOP,13,0,209,4.1,10.9,.381,2.6,7.2,.357,1.6,3.6,.429,0.2,0.3,.500,1.7,5.5,7.2,1.6,0.3,1.2,1.2,4.5,11.0
30,Leandro Barbosa,PG,31,PHO,20,0,368,5.5,12.8,.427,0.7,2.4,.280,4.8,10.4,.462,3.0,3.8,.795,0.5,3.1,3.6,3.1,0.7,0.4,1.9,2.9,14.7
31,Jose Barea,PG,29,MIN,65,0,1196,6.7,16.6,.401,1.9,5.7,.333,4.8,10.9,.436,2.1,2.6,.784,0.4,3.3,3.7,7.1,0.7,0.0,2.9,3.2,17.3
32,Andrea Bargnani,C,28,NYK,42,39,1257,6.4,14.4,.442,0.9,3.1,.278,5.5,11.3,.487,2.4,2.9,.824,2.0,4.4,6.4,1.3,0.4,1.5,1.7,2.9,16.0
33,Harrison Barnes,SF,21,GSW,64,17,1813,4.5,11.1,.403,1.1,3.0,.383,3.4,8.2,.410,2.3,3.1,.735,1.1,4.0,5.1,1.8,1.1,0.3,1.4,2.7,12.4
34,Matt Barnes,SF,33,LAC,49,26,1283,4.7,10.8,.438,2.0,5.7,.350,2.7,5.1,.536,1.3,1.9,.716,1.3,4.6,5.9,2.7,1.2,0.5,1.8,4.1,12.8
35,Will Barton,SG,23,POR,27,0,213,6.4,14.9,.432,1.2,3.7,.318,5.2,11.2,.470,2.4,2.4,1.000,1.7,4.7,6.4,3.5,0.8,0.3,2.2,3.4,16.4
36,Brandon Bass,PF,28,BOS,67,58,1840,5.5,11.7,.467,0.0,0.1,.667,5.4,11.7,.466,3.3,3.9,.858,2.4,5.2,7.6,1.4,0.6,1.2,1.7,3.3,14.3
37,Shane Battier,SF,35,MIA,58,52,1214,2.7,6.9,.388,1.9,5.5,.342,0.8,1.4,.563,0.4,0.6,.714,0.8,2.6,3.4,1.6,1.1,1.1,0.4,3.2,7.7
38,Nicolas Batum,SF,25,POR,67,67,2425,4.5,10.0,.456,1.7,4.9,.356,2.8,5.1,.553,2.3,2.8,.819,1.5,5.8,7.3,5.1,1.0,0.7,2.6,2.0,13.1
39,Jerryd Bayless,PG,25,TOT,60,14,1359,5.2,13.2,.394,1.4,4.2,.319,3.8,9.0,.429,2.1,2.8,.771,0.5,2.8,3.3,4.3,1.3,0.2,1.6,3.5,13.9
40,Aron Baynes,C,27,SAS,43,2,396,5.4,12.2,.440,0.0,0.0,,5.4,12.2,.440,1.5,1.7,.895,4.2,6.5,10.6,2.7,0.2,0.4,2.6,5.9,12.3
Rk,Player,Pos,Age,Tm,G,GS,MP,FG,FGA,FG%,3P,3PA,3P%,2P,2PA,2P%,FT,FTA,FT%,ORB,DRB,TRB,AST,STL,BLK,TOV,PF,PTS
41,Kent Bazemore,SG,24,TOT,56,8,620,5.6,13.6,.415,1.8,5.4,.333,3.8,8.2,.468,2.8,4.9,.565,0.4,4.6,5.1,3.0,1.5,0.6,3.3,4.1,15.9
42,Bradley Beal,SG,20,WAS,57,57,1945,7.0,16.8,.413,2.1,5.0,.416,4.9,11.9,.412,2.0,2.4,.817,0.8,3.2,3.9,3.5,1.0,0.2,1.9,2.2,18.0
43,Michael Beasley,SF,25,MIA,46,1,715,7.6,15.3,.498,1.1,2.5,.420,6.5,12.7,.514,2.7,3.5,.757,1.4,6.2,7.6,1.6,1.0,0.9,2.4,4.4,18.9
44,Marco Belinelli,SF,27,SAS,65,22,1634,6.1,12.2,.496,2.2,5.1,.437,3.9,7.2,.538,1.9,2.2,.848,0.4,3.9,4.3,3.2,0.9,0.1,1.8,2.3,16.2
45,Anthony Bennett,SF,20,CLE,51,0,647,4.3,12.2,.352,0.7,2.9,.245,3.6,9.2,.386,2.4,3.7,.642,2.7,5.6,8.2,0.9,1.2,0.4,2.6,5.2,11.7
46,Patrick Beverley,SG,25,HOU,48,47,1526,3.8,9.6,.399,1.7,4.9,.349,2.1,4.7,.450,1.6,2.0,.788,1.6,2.5,4.1,3.0,1.7,0.5,1.3,3.7,11.0
47,Andris Biedrins,C,27,UTA,6,0,45,0.8,0.8,1.000,0.0,0.0,,0.8,0.8,1.000,0.8,4.8,.167,1.6,12.0,13.6,0.0,0.0,0.0,1.6,4.8,2.4
48,Chauncey Billups,SG,37,DET,19,7,309,2.8,9.2,.304,1.6,5.6,.292,1.2,3.6,.323,1.2,1.4,.833,0.5,2.8,3.3,4.9,0.9,0.1,2.9,2.9,8.4
49,Bismack Biyombo,C,21,CHA,62,9,906,3.1,5.0,.611,0.0,0.0,,3.1,5.0,.611,1.7,3.2,.538,3.2,8.8,12.0,0.2,0.2,2.8,1.4,3.8,7.8
50,DeJuan Blair,PF,24,DAL,66,13,1112,6.3,11.7,.544,0.0,0.1,.000,6.3,11.6,.547,2.1,3.3,.621,3.9,7.0,10.8,2.1,1.8,0.6,2.3,5.5,14.8
51,Steve Blake,PG,33,TOT,41,27,1179,3.4,9.1,.377,2.0,5.3,.385,1.4,3.8,.366,0.9,1.2,.763,0.3,3.5,3.9,7.7,1.2,0.2,2.5,2.0,9.8
52,Andray Blatche,PF,27,BRK,58,6,1293,7.3,15.5,.470,0.3,1.2,.256,7.0,14.3,.488,3.8,5.0,.751,2.8,6.1,8.9,2.4,1.8,0.8,2.2,3.8,18.7
53,Eric Bledsoe,PG,24,PHO,27,23,894,6.6,13.9,.477,1.2,3.6,.326,5.4,10.3,.529,4.8,6.0,.800,0.5,4.3,4.8,6.3,1.6,0.3,3.3,2.5,19.2
54,Vander Blue,SG,21,BOS,3,0,15,4.8,9.6,.500,0.0,2.4,.000,4.8,7.2,.667,2.4,12.0,.200,0.0,7.2,7.2,2.4,0.0,0.0,4.8,2.4,12.0
55,Keith Bogans,SG,33,BOS,6,0,55,2.0,3.9,.500,2.0,3.9,.500,0.0,0.0,,2.0,2.0,1.000,0.0,2.0,2.0,2.0,0.7,0.0,0.7,1.3,7.9
56,Andrew Bogut,C,29,GSW,60,60,1607,5.0,7.8,.636,0.0,0.0,,5.0,7.8,.636,0.5,1.4,.344,3.7,9.8,13.5,2.2,1.0,2.5,2.1,4.2,10.4
57,Matt Bonner,PF,33,SAS,56,0,620,3.8,8.4,.451,2.2,5.2,.427,1.6,3.2,.491,0.5,0.7,.750,0.8,5.9,6.7,1.6,0.9,0.6,0.9,2.7,10.3
58,Trevor Booker,PF,26,WAS,56,29,1182,5.0,9.3,.538,0.0,0.1,.000,5.0,9.2,.541,0.9,1.6,.549,3.9,5.7,9.6,1.4,0.8,0.9,1.4,3.1,10.8
59,Carlos Boozer,PF,32,CHI,60,60,1743,7.4,16.5,.449,0.0,0.0,.000,7.4,16.5,.451,2.6,3.4,.762,2.4,8.0,10.4,1.9,0.9,0.4,2.7,3.4,17.5
60,Chris Bosh,C,29,MIA,63,63,2004,7.3,13.7,.534,1.0,2.8,.374,6.3,10.9,.574,3.4,4.2,.824,1.5,6.2,7.7,1.2,1.1,1.0,1.7,2.8,19.1
Rk,Player,Pos,Age,Tm,G,GS,MP,FG,FGA,FG%,3P,3PA,3P%,2P,2PA,2P%,FT,FTA,FT%,ORB,DRB,TRB,AST,STL,BLK,TOV,PF,PTS
61,Avery Bradley,PG,23,BOS,48,46,1454,7.0,16.2,.433,1.2,3.3,.351,5.8,12.9,.455,1.7,2.2,.764,1.0,3.5,4.6,1.6,1.2,0.2,1.8,3.0,16.9
62,Elton Brand,PF,34,ATL,56,11,1039,4.6,8.7,.530,0.0,0.1,.000,4.6,8.6,.534,1.8,2.7,.667,2.6,6.9,9.5,1.7,0.8,2.4,1.6,4.7,11.0
63,Corey Brewer,SF,27,MIN,64,64,2066,5.0,10.8,.466,0.9,3.1,.285,4.1,7.7,.540,2.1,2.9,.711,0.9,2.0,2.9,1.8,1.9,0.4,1.5,3.0,13.0
64,Ronnie Brewer,SF,28,HOU,23,3,158,0.7,3.4,.200,0.2,1.8,.125,0.5,1.6,.286,0.0,0.5,.000,0.5,2.7,3.2,2.3,1.4,0.2,0.5,0.9,1.6
65,Aaron Brooks,PG,29,TOT,56,4,1029,5.4,13.5,.400,2.5,6.2,.404,2.9,7.2,.396,1.9,2.2,.855,1.0,2.2,3.3,4.7,1.3,0.3,2.6,3.7,15.1
66,MarShon Brooks,SG,25,TOT,27,0,271,6.4,14.3,.444,1.5,2.8,.524,4.9,11.6,.425,3.6,4.9,.730,1.2,5.0,6.2,2.7,1.5,0.7,2.9,2.5,17.8
67,Lorenzo Brown,SG,23,PHI,26,0,224,4.2,13.8,.302,0.5,4.8,.100,3.7,9.0,.411,1.4,2.1,.692,1.3,3.2,4.5,6.6,2.1,0.5,2.6,3.1,10.3
68,Shannon Brown,SG,28,TOT,18,1,160,3.6,10.4,.348,0.0,0.5,.000,3.6,9.9,.364,1.6,2.9,.538,0.9,3.6,4.5,1.6,1.6,0.0,2.3,3.8,8.8
69,Kobe Bryant,SG,35,LAL,6,6,177,6.3,14.8,.425,0.6,3.3,.188,5.7,11.6,.491,3.7,4.3,.857,0.4,4.9,5.3,7.7,1.4,0.2,6.9,1.8,16.9
70,Chase Budinger,SF,25,MIN,31,7,550,4.5,12.1,.373,2.0,5.8,.337,2.6,6.3,.406,1.0,1.4,.762,0.9,3.7,4.6,1.2,0.7,0.0,1.2,2.9,12.0
71,Reggie Bullock,SF,22,LAC,34,0,303,4.6,11.4,.406,2.4,6.5,.364,2.3,4.9,.463,0.8,1.1,.778,1.0,4.0,5.0,0.8,0.7,0.1,1.1,2.1,12.5
72,Trey Burke,PG,21,UTA,55,53,1717,5.6,14.6,.383,1.9,5.7,.341,3.6,8.9,.409,1.6,1.7,.914,0.6,3.0,3.5,6.2,0.6,0.1,2.1,2.3,14.6
73,Alec Burks,SG,22,UTA,67,8,1861,6.2,14.0,.444,0.8,2.3,.345,5.4,11.7,.464,4.6,6.2,.741,1.0,3.2,4.2,3.5,1.1,0.2,2.4,2.9,17.8
74,Caron Butler,SF,33,TOT,40,13,979,5.7,14.9,.383,2.4,6.6,.356,3.3,8.3,.404,1.8,2.1,.845,0.6,6.0,6.6,2.3,0.9,0.5,2.0,2.9,15.6
75,Jimmy Butler,SG,24,CHI,51,51,1905,3.9,9.9,.388,0.9,3.2,.272,3.0,6.7,.443,3.8,4.9,.773,1.4,3.5,4.9,2.2,1.9,0.6,1.5,1.4,12.4
76,Rasual Butler,SG,34,IND,38,0,253,5.0,10.2,.486,2.8,6.3,.455,2.1,4.0,.536,0.4,0.6,.750,0.7,3.6,4.3,1.6,1.0,0.7,1.1,3.3,13.2
77,Dwight Buycks,PG,24,TOR,13,0,124,4.1,11.9,.341,1.5,4.4,.333,2.6,7.5,.346,2.3,2.6,.889,0.9,4.9,5.8,2.9,1.7,0.0,1.7,2.9,11.9
78,Andrew Bynum,C,26,TOT,26,19,516,6.6,15.7,.418,0.0,0.0,,6.6,15.7,.418,2.6,3.4,.755,3.7,6.4,10.1,2.0,0.4,2.0,2.4,2.2,15.7
79,Will Bynum,PG,31,DET,47,3,883,6.7,15.2,.440,0.7,2.0,.340,6.0,13.2,.455,3.2,4.1,.782,0.9,2.4,3.3,6.7,1.3,0.3,3.5,4.2,17.3
80,Nick Calathes,SG,24,MEM,55,7,940,4.4,9.3,.467,0.6,1.9,.320,3.8,7.4,.505,1.3,2.3,.583,0.6,3.5,4.1,6.5,2.0,0.3,3.0,3.6,10.7
Rk,Player,Pos,Age,Tm,G,GS,MP,FG,FGA,FG%,3P,3PA,3P%,2P,2PA,2P%,FT,FTA,FT%,ORB,DRB,TRB,AST,STL,BLK,TOV,PF,PTS
81,Jose Calderon,SG,32,DAL,66,66,2052,5.0,11.0,.452,2.8,6.3,.448,2.2,4.7,.457,0.8,0.9,.830,0.5,2.3,2.7,5.6,1.1,0.1,1.5,2.0,13.5
82,Kentavious Caldwell-Pope,SG,20,DET,64,40,1309,3.9,9.9,.394,1.3,4.1,.307,2.6,5.8,.457,0.9,1.2,.756,0.6,2.6,3.1,1.3,1.7,0.2,0.7,3.2,10.0
83,Isaiah Canaan,PG,22,HOU,9,0,42,3.4,11.1,.308,0.9,6.0,.143,2.6,5.1,.500,7.7,7.7,1.000,2.6,0.9,3.4,1.7,0.9,0.0,0.9,4.3,15.4
84,DeMarre Carroll,SF,27,ATL,57,57,1798,4.6,9.9,.470,1.6,4.2,.387,3.0,5.6,.532,1.7,2.2,.768,1.7,4.6,6.3,2.1,1.6,0.3,1.2,2.9,12.6
85,Vince Carter,SG,37,DAL,66,0,1592,6.0,14.6,.410,2.5,6.6,.383,3.5,8.1,.433,3.3,4.0,.834,1.2,4.0,5.3,4.0,1.1,0.6,1.9,3.6,17.8
86,Michael Carter-Williams,PG,22,PHI,54,54,1866,6.3,15.9,.398,0.9,3.3,.273,5.4,12.6,.430,4.0,5.7,.700,1.5,4.4,5.9,6.5,2.0,0.7,4.0,3.1,17.5
87,Omri Casspi,PF,25,HOU,59,0,1070,5.1,11.7,.433,1.9,5.2,.357,3.2,6.6,.492,2.4,3.5,.686,1.5,5.6,7.1,2.5,1.3,0.4,2.1,2.9,14.4
88,Mario Chalmers,PG,27,MIA,58,58,1690,4.0,9.0,.451,1.4,3.7,.383,2.6,5.2,.500,2.1,2.7,.764,0.6,2.7,3.4,6.1,2.1,0.3,2.9,3.6,11.6
89,Tyson Chandler,C,31,NYK,41,41,1245,4.4,7.4,.592,0.0,0.0,,4.4,7.4,.592,2.2,3.6,.626,3.8,8.3,12.1,1.3,0.8,1.5,1.5,3.3,11.0
90,Wilson Chandler,SF,26,DEN,57,53,1786,5.9,14.1,.417,2.4,6.8,.355,3.5,7.3,.474,2.1,3.0,.716,1.1,4.4,5.6,2.1,0.8,0.6,1.4,3.6,16.3
91,Josh Childress,SF,30,NOP,4,0,24,0.0,0.0,,0.0,0.0,,0.0,0.0,,0.0,0.0,,0.0,4.5,4.5,3.0,1.5,0.0,1.5,1.5,0.0
92,Dionte Christmas,SF,27,PHO,26,0,179,3.8,10.1,.380,1.4,5.4,.259,2.4,4.6,.522,3.2,3.6,.889,2.0,4.2,6.2,1.6,0.4,0.6,0.8,3.4,12.3
93,Earl Clark,PF,26,TOT,54,17,768,4.5,12.2,.372,1.9,5.7,.336,2.6,6.5,.403,1.0,1.6,.647,1.0,5.7,6.7,0.8,0.8,1.2,1.5,3.1,12.0
94,Ian Clark,SG,22,UTA,13,0,97,5.9,15.6,.381,2.6,7.1,.368,3.3,8.5,.391,1.1,1.9,.600,1.1,3.7,4.8,3.0,1.1,0.7,3.0,4.8,15.6
95,Victor Claver,SF,25,POR,13,0,106,3.1,7.1,.429,0.3,3.1,.111,2.7,4.1,.667,1.7,2.0,.833,0.7,6.8,7.5,1.7,0.3,1.0,2.7,3.1,8.2
96,Norris Cole,PG,25,MIA,64,6,1583,4.0,9.3,.426,1.2,3.2,.367,2.8,6.1,.457,1.1,1.3,.814,0.3,2.7,3.0,4.2,1.4,0.1,2.4,2.8,10.2
97,Jason Collins,C,35,BRK,8,0,78,0.9,3.2,.286,0.0,0.0,,0.9,3.2,.286,0.5,0.9,.500,1.4,1.4,2.8,0.9,2.8,0.0,2.8,8.3,2.3
98,Darren Collison,PG,26,LAC,67,26,1646,5.6,11.9,.468,1.2,3.2,.372,4.4,8.7,.503,3.5,4.0,.859,0.8,2.5,3.3,5.2,1.7,0.3,2.4,2.6,15.8
99,Nick Collison,PF,33,OKC,65,0,1088,3.5,6.3,.561,0.1,0.4,.154,3.4,5.8,.591,1.9,2.6,.725,3.1,4.8,7.8,2.7,0.7,0.8,1.8,4.9,9.0
100,Mike Conley,PG,26,MEM,57,57,1903,6.7,15.3,.439,1.6,4.2,.371,5.1,11.1,.465,3.4,4.0,.850,0.6,2.5,3.0,6.5,1.6,0.2,2.3,2.1,18.4
Rk,Player,Pos,Age,Tm,G,GS,MP,FG,FGA,FG%,3P,3PA,3P%,2P,2PA,2P%,FT,FTA,FT%,ORB,DRB,TRB,AST,STL,BLK,TOV,PF,PTS
101,Chris Copeland,SF,29,IND,29,0,157,7.1,16.1,.443,4.4,11.0,.396,2.8,5.0,.545,2.3,3.0,.769,0.9,3.2,4.1,1.8,0.5,0.9,1.6,5.3,20.9
102,DeMarcus Cousins,C,23,SAC,57,57,1838,8.8,18.2,.487,0.0,0.1,.000,8.8,18.0,.490,7.1,9.9,.726,3.5,9.5,13.1,3.1,1.7,1.4,4.0,4.3,24.8
103,Robert Covington,SF,23,HOU,5,0,19,7.6,17.1,.444,5.7,15.2,.375,1.9,1.9,1.000,0.0,0.0,,1.9,1.9,3.8,0.0,1.9,0.0,0.0,3.8,20.8
104,Allen Crabbe,SG,21,POR,12,0,58,5.0,13.7,.364,3.1,7.4,.417,1.9,6.2,.300,1.9,2.5,.750,0.0,1.2,1.2,1.9,0.6,0.0,1.9,2.5,14.9
105,Jamal Crawford,SG,33,LAC,61,23,1854,7.3,17.4,.421,2.8,7.5,.368,4.6,9.9,.462,4.7,5.5,.862,0.6,2.1,2.7,3.8,1.0,0.2,2.3,2.0,22.1
106,Jordan Crawford,SG,25,TOT,67,35,1628,5.9,14.4,.410,1.6,5.1,.312,4.3,9.3,.464,3.0,3.4,.870,0.5,3.0,3.5,5.9,1.0,0.1,2.7,2.3,16.4
107,Jae Crowder,SF,23,DAL,63,8,1054,3.8,8.7,.433,1.4,4.4,.328,2.3,4.3,.540,1.3,1.7,.725,1.2,4.0,5.2,1.7,1.8,0.7,1.2,2.8,10.2
108,Dante Cunningham,SF,26,MIN,65,5,1319,5.0,11.0,.450,0.0,0.1,.000,5.0,10.9,.455,0.6,1.1,.575,2.6,4.9,7.5,1.7,1.3,1.2,0.8,3.3,10.6
109,Jared Cunningham,SG,22,ATL,5,0,22,1.6,3.3,.500,0.0,1.6,.000,1.6,1.6,1.000,0.0,3.3,.000,0.0,1.6,1.6,4.9,0.0,0.0,3.3,4.9,3.3
110,Seth Curry,PG,23,MEM,1,0,4,0.0,0.0,,0.0,0.0,,0.0,0.0,,0.0,0.0,,0.0,0.0,0.0,0.0,0.0,0.0,0.0,0.0,0.0
111,Stephen Curry,PG,25,GSW,65,65,2370,8.0,17.5,.460,3.2,7.8,.412,4.8,9.6,.498,3.9,4.4,.873,0.6,3.7,4.3,8.5,1.6,0.2,3.8,2.6,23.1
112,Samuel Dalembert,C,32,DAL,65,53,1297,4.6,8.2,.559,0.0,0.0,.000,4.6,8.2,.561,2.3,3.2,.722,4.1,7.3,11.4,0.8,0.9,1.9,2.0,4.9,11.5
113,Troy Daniels,SG,22,HOU,2,0,7,10.3,20.6,.500,5.1,15.4,.333,5.1,5.1,1.000,0.0,0.0,,0.0,0.0,0.0,0.0,0.0,0.0,0.0,5.1,25.7
114,Luigi Datome,SF,26,DET,28,0,191,5.5,15.8,.345,1.1,6.4,.176,4.3,9.4,.460,0.8,1.1,.667,2.1,3.8,5.8,1.5,0.9,0.2,1.7,3.2,12.8
115,Brandon Davies,PF,22,PHI,38,0,434,2.8,7.4,.382,0.0,0.2,.000,2.8,7.1,.395,2.0,2.9,.686,2.2,3.9,6.1,1.9,1.6,0.5,2.2,5.8,7.6
116,Anthony Davis,C,20,NOP,58,57,2082,8.1,15.3,.527,0.0,0.1,.286,8.0,15.2,.529,5.2,6.7,.787,3.3,7.1,10.4,1.6,1.4,2.9,1.7,3.1,21.4
117,Ed Davis,PF,24,MEM,52,4,809,5.9,11.0,.534,0.0,0.0,,5.9,11.0,.534,1.7,3.3,.527,3.2,6.5,9.7,1.0,0.7,1.6,1.5,4.3,13.5
118,Glen Davis,PF,28,TOT,54,43,1475,6.0,13.2,.454,0.1,0.3,.364,5.9,12.9,.456,2.0,3.0,.680,2.3,5.1,7.5,1.8,1.2,0.6,1.6,3.3,14.1
119,Austin Daye,SF,25,TOT,10,0,36,5.0,16.0,.313,2.0,10.0,.200,3.0,6.0,.500,2.0,4.0,.500,2.0,6.0,8.0,3.0,0.0,0.0,0.0,4.0,14.0
120,Nando De Colo,SF,26,TOT,32,3,311,4.9,10.8,.452,1.2,3.6,.323,3.7,7.2,.516,2.5,3.0,.846,0.8,5.0,5.8,3.8,1.7,0.5,2.4,3.0,13.4
Rk,Player,Pos,Age,Tm,G,GS,MP,FG,FGA,FG%,3P,3PA,3P%,2P,2PA,2P%,FT,FTA,FT%,ORB,DRB,TRB,AST,STL,BLK,TOV,PF,PTS
121,Dewayne Dedmon,C,24,TOT,18,0,162,4.0,7.6,.529,0.0,0.0,,4.0,7.6,.529,2.0,3.6,.563,2.7,8.9,11.6,0.7,0.0,2.0,2.2,6.9,10.0
122,Matthew Dellavedova,SG,23,CLE,57,4,871,3.3,8.6,.386,1.4,4.3,.327,1.9,4.3,.447,1.2,1.4,.824,1.0,2.5,3.5,4.4,1.1,0.2,1.4,3.5,9.2
123,Luol Deng,SF,28,TOT,54,54,1915,6.1,14.2,.433,1.0,3.0,.321,5.2,11.2,.462,3.6,4.6,.791,1.7,4.4,6.1,2.9,1.1,0.2,2.0,1.9,16.9
124,DeMar DeRozan,SG,24,TOR,63,63,2402,7.3,17.0,.430,0.8,2.7,.305,6.5,14.3,.453,5.8,7.2,.812,0.7,3.4,4.1,3.6,1.1,0.4,2.1,2.3,21.2
125,Boris Diaw,PF,31,SAS,63,19,1584,5.8,10.4,.557,0.8,1.8,.444,5.0,8.6,.581,1.4,1.8,.741,1.3,4.4,5.7,3.7,0.8,0.7,2.1,2.5,13.8
126,Gorgui Dieng,C,24,MIN,43,1,311,3.9,8.7,.453,0.0,0.0,,3.9,8.7,.453,1.6,3.8,.424,3.8,8.6,12.4,1.4,1.5,3.2,2.5,6.7,9.5
127,Toney Douglas,PG,27,TOT,35,3,324,4.3,11.7,.371,2.4,7.4,.328,1.9,4.2,.447,0.8,1.3,.583,0.7,3.6,4.2,2.8,0.9,0.4,1.9,4.8,11.9
128,Chris Douglas-Roberts,SF,27,CHA,34,8,619,3.6,8.1,.443,1.9,4.4,.440,1.7,3.8,.446,2.1,2.8,.750,0.5,4.0,4.4,1.5,1.2,0.6,1.3,1.9,11.2
129,Goran Dragic,SG,27,PHO,62,61,2162,7.5,14.7,.509,1.7,4.0,.418,5.8,10.7,.542,4.6,6.1,.759,1.0,2.4,3.4,6.3,1.3,0.3,3.0,2.7,21.2
130,Andre Drummond,C,20,DET,66,66,2122,6.5,10.5,.617,0.0,0.0,.000,6.5,10.5,.619,1.8,4.2,.423,6.0,8.3,14.3,0.5,1.4,2.0,1.5,3.8,14.7
131,Jared Dudley,SF,28,LAC,63,42,1557,4.1,9.3,.441,1.7,4.8,.354,2.4,4.5,.533,0.6,1.1,.587,0.8,2.4,3.2,2.2,0.9,0.2,1.1,2.9,10.5
132,Tim Duncan,C,37,SAS,61,61,1788,7.4,15.1,.489,0.0,0.1,.000,7.4,15.0,.491,3.8,5.2,.733,2.5,9.7,12.2,3.6,0.6,2.4,2.6,2.2,18.5
133,Mike Dunleavy,SF,33,CHI,66,45,2023,4.8,11.1,.429,1.8,4.7,.380,3.0,6.3,.466,1.8,2.2,.835,0.7,4.3,5.1,2.6,0.9,0.6,1.6,2.2,13.1
134,Kevin Durant,SF,25,OKC,65,65,2492,9.8,19.2,.507,2.2,5.4,.400,7.6,13.8,.549,8.2,9.4,.872,0.7,6.4,7.1,5.2,1.3,0.7,3.4,2.1,29.8
135,Shane Edwards,F,26,CLE,1,0,1,0.0,36.0,.000,0.0,0.0,,0.0,36.0,.000,0.0,0.0,,36.0,0.0,36.0,0.0,0.0,0.0,0.0,0.0,0.0
136,Wayne Ellington,SG,26,DAL,38,1,372,5.2,11.8,.443,2.4,5.6,.431,2.8,6.2,.453,1.0,1.1,.909,0.7,3.1,3.8,1.8,1.5,0.2,1.1,3.0,13.8
137,Monta Ellis,PG,28,DAL,67,67,2444,6.8,15.0,.453,0.7,2.3,.312,6.1,12.7,.478,4.2,5.3,.788,0.5,3.0,3.5,5.7,1.8,0.3,3.2,2.4,18.4
138,Jeremy Evans,SF,26,UTA,52,3,970,5.5,10.2,.542,0.0,0.1,.000,5.5,10.1,.546,1.6,2.3,.694,3.7,6.1,9.8,1.3,1.1,1.3,1.0,4.3,12.7
139,Reggie Evans,PF,33,TOT,42,9,632,2.9,6.1,.477,0.0,0.0,,2.9,6.1,.477,3.1,5.9,.524,4.9,8.7,13.6,0.8,1.4,0.2,2.4,4.8,8.9
140,Tyreke Evans,SF,24,NOP,57,7,1519,6.7,15.9,.419,0.4,1.8,.213,6.3,14.2,.445,4.3,5.5,.788,1.3,5.0,6.3,6.3,1.5,0.4,2.9,3.0,18.1
Rk,Player,Pos,Age,Tm,G,GS,MP,FG,FGA,FG%,3P,3PA,3P%,2P,2PA,2P%,FT,FTA,FT%,ORB,DRB,TRB,AST,STL,BLK,TOV,PF,PTS
141,Kenneth Faried,PF,24,DEN,64,61,1682,7.1,12.6,.563,0.0,0.1,.000,7.1,12.5,.566,2.9,4.7,.628,3.8,6.9,10.7,1.5,1.1,1.2,2.0,3.2,17.1
142,Jordan Farmar,PG,27,LAL,36,5,790,6.2,14.4,.430,2.9,6.3,.457,3.3,8.1,.410,1.7,2.4,.731,0.9,3.2,4.1,7.7,1.5,0.3,3.6,2.8,17.0
143,Vitor Faverani,C,25,BOS,37,8,488,4.7,10.8,.435,0.9,3.0,.300,3.8,7.9,.486,1.8,2.7,.649,3.1,6.3,9.4,1.2,1.0,2.0,3.0,5.5,12.1
144,Derrick Favors,PF,22,UTA,58,58,1740,6.2,11.9,.521,0.0,0.0,.000,6.2,11.9,.522,3.3,4.8,.688,3.1,7.2,10.4,1.3,1.1,1.7,2.1,3.8,15.7
145,Carrick Felix,SG,23,CLE,6,0,26,4.2,11.1,.375,0.0,2.8,.000,4.2,8.3,.500,4.2,5.5,.750,1.4,4.2,5.5,1.4,0.0,0.0,4.2,2.8,12.5
146,Raymond Felton,PG,29,NYK,51,51,1625,4.3,10.8,.400,1.1,3.5,.306,3.3,7.3,.445,1.5,2.0,.733,0.9,2.4,3.3,6.4,1.3,0.6,2.4,2.8,11.2
147,Landry Fields,SF,25,TOR,27,2,302,3.0,7.6,.391,0.0,0.6,.000,3.0,7.0,.424,1.7,2.6,.636,1.8,5.0,6.8,2.3,1.0,0.2,1.2,3.0,7.6
148,Derek Fisher,SG,39,OKC,65,0,1089,3.7,9.2,.403,2.3,5.8,.394,1.4,3.4,.417,1.5,1.9,.804,0.3,2.8,3.1,3.1,1.8,0.0,1.3,3.8,11.2
149,Evan Fournier,SG,21,DEN,60,3,1114,5.4,12.9,.415,2.1,5.3,.390,3.3,7.6,.432,2.2,3.0,.739,0.9,4.3,5.1,2.7,0.8,0.2,2.6,4.4,15.0
150,Randy Foye,SG,30,DEN,65,62,1912,5.0,12.4,.406,2.7,7.2,.374,2.4,5.2,.450,2.1,2.5,.842,0.4,2.8,3.2,3.8,0.9,0.6,2.2,3.2,14.8
151,Jamaal Franklin,SG,22,MEM,19,0,151,2.9,8.3,.343,0.7,2.1,.333,2.1,6.2,.346,0.5,0.5,1.000,1.0,4.1,5.0,1.4,1.0,0.5,2.4,5.2,6.9
152,Jimmer Fredette,SG,24,TOT,45,0,480,7.4,15.7,.474,2.8,5.8,.494,4.6,9.9,.462,1.3,1.4,.895,0.6,3.1,3.7,4.6,1.0,0.2,3.3,2.3,19.0
153,Joel Freeland,C,26,POR,51,0,705,3.8,7.9,.481,0.0,0.1,.000,3.8,7.8,.487,1.0,1.5,.690,4.3,5.9,10.2,1.7,0.5,1.1,1.6,4.8,8.6
154,Channing Frye,PF,30,PHO,66,66,1908,5.4,12.2,.440,2.6,6.7,.389,2.8,5.5,.502,1.3,1.6,.807,1.2,5.2,6.4,1.6,1.0,1.0,1.4,3.8,14.6
155,Francisco Garcia,SF,32,HOU,45,4,891,4.0,9.8,.403,2.5,6.9,.363,1.5,2.9,.500,0.4,0.7,.588,0.7,3.4,4.1,2.0,1.0,1.2,1.1,3.8,10.8
156,Kevin Garnett,C,37,BRK,49,49,1027,5.2,11.7,.439,0.0,0.1,.000,5.2,11.6,.443,1.3,1.5,.857,1.8,9.6,11.5,2.5,1.4,1.3,2.1,4.0,11.6
157,Diante Garrett,PG,25,UTA,56,0,834,3.7,8.8,.415,1.2,2.8,.409,2.5,6.0,.417,0.3,0.4,.800,0.4,3.2,3.6,4.2,1.4,0.1,2.8,2.6,8.8
158,Marc Gasol,C,29,MEM,43,43,1413,5.8,12.4,.464,0.0,0.1,.200,5.7,12.3,.467,3.5,4.3,.805,1.4,5.9,7.3,4.2,1.1,1.5,2.2,2.8,15.0
159,Pau Gasol,C,33,LAL,56,56,1768,8.2,17.0,.483,0.1,0.3,.286,8.1,16.8,.486,3.6,4.9,.742,2.3,8.9,11.2,3.7,0.5,1.7,2.6,2.3,20.2
160,Rudy Gay,SF,27,TOT,61,61,2114,7.7,17.0,.455,1.0,2.9,.341,6.7,14.0,.479,4.4,5.4,.825,1.6,4.8,6.4,3.0,1.5,0.9,3.1,2.5,20.9
Rk,Player,Pos,Age,Tm,G,GS,MP,FG,FGA,FG%,3P,3PA,3P%,2P,2PA,2P%,FT,FTA,FT%,ORB,DRB,TRB,AST,STL,BLK,TOV,PF,PTS
161,Alonzo Gee,SF,26,CLE,50,18,755,2.8,7.4,.374,0.6,1.9,.300,2.2,5.5,.400,1.5,2.0,.738,1.2,4.1,5.2,1.6,1.3,0.3,1.7,2.9,7.6
162,Paul George,SF,23,IND,66,66,2368,7.5,17.2,.439,2.3,6.4,.368,5.2,10.8,.480,4.9,5.6,.873,0.7,5.8,6.5,3.6,1.8,0.3,2.8,2.5,22.3
163,Taj Gibson,PF,28,CHI,66,8,1902,6.6,13.7,.484,0.0,0.1,.000,6.6,13.6,.488,3.1,4.3,.735,2.9,5.4,8.4,1.5,0.6,1.7,2.3,3.2,16.4
164,Manu Ginobili,SG,36,SAS,55,2,1265,6.8,14.5,.472,2.2,6.1,.360,4.6,8.4,.553,3.7,4.3,.862,0.7,4.0,4.7,6.9,1.6,0.3,3.2,3.0,19.6
165,Rudy Gobert,C,21,UTA,36,0,383,2.3,5.2,.455,0.0,0.0,,2.3,5.2,.455,2.9,5.8,.500,3.9,8.3,12.2,0.6,0.8,3.4,2.8,4.8,7.6
166,Ryan Gomes,SF,31,OKC,5,0,34,3.2,8.5,.375,0.0,2.1,.000,3.2,6.4,.500,0.0,0.0,,0.0,4.2,4.2,1.1,0.0,0.0,1.1,5.3,6.4
167,Drew Gooden,C,32,WAS,8,0,117,8.9,15.7,.569,0.9,1.8,.500,8.0,13.8,.578,1.2,1.2,1.000,3.7,7.7,11.4,1.2,0.6,1.5,1.8,4.9,20.0
168,Archie Goodwin,SG,19,PHO,45,0,466,4.6,11.4,.408,0.3,2.5,.121,4.3,8.8,.491,2.1,3.2,.659,1.7,4.5,6.2,1.4,1.2,0.8,2.9,2.8,11.7
169,Ben Gordon,SG,30,CHA,19,0,279,4.8,13.9,.343,1.0,3.7,.276,3.7,10.2,.367,2.2,2.7,.810,0.4,3.1,3.5,2.7,1.3,0.3,2.7,2.3,12.8
170,Eric Gordon,SG,25,NOP,62,62,2020,6.3,14.3,.436,1.8,4.5,.393,4.5,9.9,.456,3.0,3.9,.783,0.5,2.3,2.9,3.7,1.3,0.2,2.3,2.0,17.3
171,Marcin Gortat,C,29,WAS,66,65,2165,5.9,11.0,.533,0.0,0.0,1.000,5.9,11.0,.532,2.1,3.1,.684,2.7,7.4,10.1,1.8,0.5,1.6,1.6,2.7,13.9
172,Danny Granger,SF,30,TOT,36,2,770,4.8,13.0,.372,1.8,5.5,.325,3.0,7.5,.406,2.7,2.9,.935,1.3,4.4,5.8,1.9,0.5,0.7,2.1,2.4,14.1
173,Aaron Gray,C,29,TOT,31,6,309,2.4,5.6,.438,0.0,0.1,.000,2.4,5.5,.447,1.0,2.1,.500,3.8,6.6,10.5,2.2,0.8,0.9,3.1,6.6,5.9
174,Danny Green,SG,26,SAS,56,47,1347,4.5,10.6,.421,2.6,6.5,.406,1.8,4.1,.444,1.1,1.3,.872,0.5,4.5,5.0,2.3,1.4,1.4,1.9,2.4,12.7
175,Draymond Green,SF,23,GSW,68,5,1395,3.7,9.3,.396,1.1,3.5,.313,2.6,5.8,.444,1.9,2.9,.655,1.7,6.5,8.2,3.0,2.1,1.4,1.8,4.8,10.3
176,Gerald Green,SG,28,PHO,66,47,1920,6.8,15.4,.440,3.0,7.9,.387,3.7,7.5,.495,2.8,3.3,.851,0.7,3.6,4.3,2.0,1.1,0.7,2.3,3.5,19.4
177,Jeff Green,SF,27,BOS,67,67,2302,6.2,15.0,.415,1.7,4.9,.346,4.5,10.1,.449,3.8,4.9,.788,0.7,4.3,5.0,1.7,0.7,0.6,2.0,2.2,18.0
178,Willie Green,SG,32,LAC,48,8,759,4.3,11.3,.377,1.8,5.0,.349,2.5,6.3,.398,1.3,1.5,.844,0.5,2.8,3.3,2.1,0.9,0.5,1.4,3.9,11.6
179,Blake Griffin,PF,24,LAC,68,68,2451,9.1,17.1,.535,0.2,0.6,.282,9.0,16.5,.544,5.9,8.4,.699,2.4,7.3,9.7,3.7,1.1,0.5,2.8,3.4,24.3
180,Jorge Gutierrez,G,25,BRK,1,0,5,0.0,7.2,.000,0.0,0.0,,0.0,7.2,.000,7.2,14.4,.500,0.0,0.0,0.0,0.0,7.2,0.0,0.0,0.0,7.2
Rk,Player,Pos,Age,Tm,G,GS,MP,FG,FGA,FG%,3P,3PA,3P%,2P,2PA,2P%,FT,FTA,FT%,ORB,DRB,TRB,AST,STL,BLK,TOV,PF,PTS
181,Jordan Hamilton,SF,23,TOT,49,12,856,5.3,13.3,.394,2.4,6.9,.344,2.9,6.5,.448,1.4,1.8,.791,1.2,6.0,7.1,1.7,1.6,0.8,1.5,2.0,14.3
182,Justin Hamilton,C,23,CHA,1,0,4,0.0,0.0,,0.0,0.0,,0.0,0.0,,0.0,0.0,,0.0,0.0,0.0,0.0,9.0,0.0,9.0,0.0,0.0
183,Tyler Hansbrough,PF,28,TOR,48,3,746,3.5,7.3,.480,0.0,0.1,.000,3.5,7.2,.487,5.0,7.3,.689,4.2,6.1,10.3,0.5,0.9,0.7,1.9,4.8,12.1
184,Tim Hardaway,SG,21,NYK,66,1,1514,5.7,13.1,.438,2.6,6.9,.376,3.1,6.2,.508,1.9,2.3,.825,0.4,2.0,2.4,1.3,0.8,0.2,1.0,2.7,16.0
185,James Harden,SG,24,HOU,58,58,2229,7.0,15.5,.455,2.1,6.1,.352,4.9,9.4,.522,6.9,8.1,.855,0.8,3.6,4.4,5.2,1.4,0.4,3.5,2.3,23.2
186,Maurice Harkless,SF,20,ORL,65,26,1507,4.2,9.2,.453,1.1,2.9,.375,3.1,6.4,.489,1.7,2.9,.592,1.4,3.7,5.1,1.3,1.9,0.9,1.3,2.7,11.1
187,Josh Harrellson,C,24,DET,32,0,317,4.3,9.3,.463,1.4,3.5,.387,3.0,5.8,.510,0.6,0.8,.714,3.4,5.2,8.6,1.7,0.7,1.7,1.1,5.0,10.6
188,Al Harrington,PF,33,WAS,19,0,288,5.6,14.7,.381,2.3,7.0,.321,3.4,7.7,.435,1.0,1.4,.727,0.6,4.0,4.6,2.6,1.1,0.0,2.5,5.2,14.5
189,Devin Harris,PG,30,DAL,25,0,466,4.9,11.6,.420,1.4,3.9,.353,3.5,7.6,.455,4.4,5.5,.803,0.4,3.5,3.9,7.9,0.7,0.1,2.2,3.8,15.5
190,Elias Harris,SF,24,LAL,2,0,11,0.0,3.3,.000,0.0,0.0,,0.0,3.3,.000,0.0,0.0,,3.3,0.0,3.3,3.3,3.3,0.0,0.0,0.0,0.0
191,Manny Harris,SG,24,LAL,9,0,180,5.6,14.0,.400,1.4,4.0,.350,4.2,10.0,.420,2.0,2.4,.833,1.4,5.4,6.8,2.2,0.8,0.2,1.8,2.0,14.6
192,Mike Harris,PF,30,UTA,20,0,225,4.6,9.8,.475,0.0,0.3,.000,4.6,9.4,.492,4.2,4.3,.963,2.4,2.9,5.3,0.8,2.6,1.1,1.8,5.8,13.4
193,Tobias Harris,PF,21,ORL,46,36,1469,6.2,13.6,.455,0.6,2.6,.217,5.6,11.0,.511,3.9,4.7,.823,1.7,6.4,8.0,1.6,0.8,0.5,1.5,2.7,16.8
194,Udonis Haslem,PF,33,MIA,31,6,344,3.0,7.7,.392,0.0,0.0,,3.0,7.7,.392,1.7,3.0,.552,2.7,5.7,8.4,0.6,0.5,0.8,1.2,4.8,7.7
195,Spencer Hawes,C,25,TOT,65,63,2068,5.8,12.8,.455,1.8,4.5,.414,4.0,8.4,.476,1.8,2.3,.794,1.9,7.9,9.8,3.5,0.6,1.4,2.5,3.5,15.3
196,Chuck Hayes,C,30,TOT,47,1,548,2.8,6.4,.429,0.0,0.1,.000,2.8,6.4,.433,1.1,1.4,.773,3.7,6.8,10.6,1.6,1.7,0.3,1.6,4.7,6.6
197,Gordon Hayward,SF,23,UTA,62,62,2243,5.5,13.4,.409,1.2,3.7,.312,4.3,9.6,.446,3.6,4.5,.817,0.9,4.5,5.4,5.2,1.4,0.6,2.8,2.0,15.7
198,Gerald Henderson,SG,26,CHA,62,62,2010,6.0,13.9,.431,0.5,1.5,.317,5.5,12.5,.444,3.6,4.7,.758,0.4,4.1,4.5,2.9,0.8,0.4,1.7,2.3,16.1
199,Xavier Henry,SF,22,LAL,38,5,796,5.4,13.1,.410,1.1,3.1,.353,4.3,10.0,.428,4.7,7.3,.652,1.0,3.7,4.7,2.2,1.8,0.3,2.3,3.1,16.6
200,John Henson,PF,23,MIL,55,23,1493,6.5,12.3,.531,0.0,0.0,.000,6.5,12.3,.532,1.6,3.2,.511,3.3,6.7,10.0,2.1,0.6,2.5,2.2,3.5,14.7
Rk,Player,Pos,Age,Tm,G,GS,MP,FG,FGA,FG%,3P,3PA,3P%,2P,2PA,2P%,FT,FTA,FT%,ORB,DRB,TRB,AST,STL,BLK,TOV,PF,PTS
201,Roy Hibbert,C,27,IND,66,66,2001,5.1,11.2,.461,0.0,0.1,.400,5.1,11.1,.462,3.0,3.9,.767,3.2,5.4,8.6,1.4,0.4,2.9,2.2,4.0,13.3
202,J.J. Hickson,PF,25,DEN,66,52,1781,6.3,12.5,.500,0.0,0.2,.000,6.3,12.4,.507,2.9,5.5,.533,4.0,8.2,12.2,1.9,0.9,1.0,2.5,3.4,15.4
203,Nene Hilario,PF,31,WAS,49,37,1477,6.7,13.6,.493,0.0,0.1,.200,6.7,13.4,.495,3.6,6.0,.597,1.5,5.4,6.9,3.5,1.5,1.1,2.6,3.8,17.0
204,George Hill,PG,27,IND,61,61,1914,4.4,9.7,.451,1.6,4.2,.376,2.8,5.5,.509,2.2,2.7,.826,0.7,3.7,4.4,4.0,1.1,0.4,1.5,2.4,12.5
205,Jordan Hill,PF,26,LAL,58,19,1120,6.2,11.5,.540,0.0,0.0,.000,6.2,11.5,.542,2.7,4.2,.644,4.7,8.0,12.7,1.3,0.6,1.4,1.9,4.2,15.2
206,Solomon Hill,SF,22,IND,21,0,166,3.0,6.5,.467,1.3,4.1,.316,1.7,2.4,.727,0.9,1.1,.800,1.7,4.8,6.5,2.2,0.9,0.4,2.4,2.4,8.2
207,Kirk Hinrich,PG,33,CHI,57,45,1668,4.0,10.2,.392,1.4,4.0,.342,2.6,6.2,.425,1.7,2.1,.786,0.6,2.8,3.4,4.9,1.3,0.5,2.2,3.5,11.1
208,Jrue Holiday,PG,23,NOP,34,34,1143,6.4,14.3,.447,0.9,2.4,.390,5.4,11.9,.459,1.6,2.0,.810,0.9,3.6,4.5,8.4,1.8,0.4,3.3,2.9,15.3
209,Ryan Hollins,PF,29,LAC,56,0,453,4.1,5.5,.739,0.0,0.0,,4.1,5.5,.739,2.4,4.0,.600,2.2,4.4,6.6,0.5,0.6,2.1,2.1,6.4,10.5
210,Al Horford,C,27,ATL,29,29,958,8.9,15.8,.567,0.2,0.4,.364,8.8,15.4,.572,2.2,3.2,.682,2.5,6.7,9.2,2.9,1.0,1.7,2.4,2.1,20.2
211,Dwight Howard,C,28,HOU,66,66,2252,7.2,12.2,.589,0.0,0.1,.333,7.1,12.1,.591,5.3,9.7,.548,3.5,9.5,13.1,1.9,0.9,1.9,3.5,3.6,19.7
212,Robbie Hummel,SF,24,MIN,37,2,372,3.5,10.1,.346,1.5,5.3,.273,2.0,4.7,.429,0.7,0.7,1.000,2.3,6.3,8.6,1.0,0.9,0.2,0.6,3.3,9.1
213,Kris Humphries,PF,28,BOS,59,21,1193,6.1,12.1,.508,0.0,0.1,.000,6.1,12.0,.511,3.0,3.6,.817,3.2,7.5,10.7,1.8,0.8,1.7,1.8,3.5,15.2
214,Serge Ibaka,PF,24,OKC,65,65,2125,7.3,13.5,.543,0.3,0.8,.378,7.0,12.7,.553,1.9,2.4,.783,3.2,6.6,9.8,1.1,0.5,2.9,1.7,3.0,16.8
215,Andre Iguodala,SF,30,GSW,56,56,1834,3.8,8.2,.469,1.1,3.1,.350,2.7,5.0,.543,1.4,2.3,.624,0.9,4.2,5.1,4.7,1.7,0.3,1.8,1.8,10.2
216,Ersan Ilyasova,PF,26,MIL,52,44,1413,5.7,14.1,.403,0.9,3.3,.289,4.7,10.8,.438,2.5,3.1,.810,2.6,5.7,8.3,1.8,1.1,0.2,1.5,3.2,14.8
217,Kyrie Irving,PG,21,CLE,64,64,2274,7.7,18.0,.428,1.9,5.1,.367,5.9,13.0,.452,4.2,4.9,.857,0.7,2.9,3.6,6.3,1.4,0.3,2.8,2.4,21.4
218,Royal Ivey,SG,32,OKC,2,0,5,0.0,14.4,.000,0.0,7.2,.000,0.0,7.2,.000,0.0,0.0,,0.0,7.2,7.2,0.0,0.0,0.0,0.0,7.2,0.0
219,Jarrett Jack,PG,30,CLE,65,23,1762,4.3,10.7,.398,1.0,2.9,.343,3.3,7.9,.418,2.0,2.4,.846,0.4,3.1,3.5,5.1,0.9,0.3,2.2,2.2,11.5
220,Reggie Jackson,PG,23,OKC,66,31,1862,6.6,15.1,.437,1.2,3.8,.325,5.4,11.3,.475,2.3,2.6,.883,0.7,4.1,4.8,5.1,1.4,0.1,2.8,2.2,16.8
Rk,Player,Pos,Age,Tm,G,GS,MP,FG,FGA,FG%,3P,3PA,3P%,2P,2PA,2P%,FT,FTA,FT%,ORB,DRB,TRB,AST,STL,BLK,TOV,PF,PTS
221,Stephen Jackson,SF,35,LAC,9,0,107,2.0,8.7,.231,0.3,4.7,.071,1.7,4.0,.417,0.7,1.3,.500,0.7,2.7,3.4,1.7,2.0,0.3,2.0,3.7,5.0
222,Bernard James,C,28,DAL,28,0,144,2.7,5.7,.478,0.0,0.2,.000,2.7,5.5,.500,1.5,2.7,.545,3.5,6.8,10.2,0.7,0.7,2.0,2.3,6.0,7.0
223,LeBron James,PF,29,MIA,62,62,2329,9.5,16.7,.569,1.4,3.7,.371,8.1,13.0,.625,5.3,7.1,.746,1.0,5.6,6.6,6.2,1.5,0.3,3.4,1.7,25.6
224,Mike James,PG,38,CHI,11,0,77,2.3,9.8,.238,0.5,2.3,.200,1.9,7.5,.250,0.0,0.9,.000,0.0,3.3,3.3,7.9,0.9,0.0,2.3,5.1,5.1
225,Antawn Jamison,PF,37,LAC,22,0,248,4.2,13.4,.315,1.2,6.0,.195,3.0,7.4,.412,2.6,3.6,.720,1.3,6.7,8.0,1.0,1.3,0.4,1.0,4.2,12.2
226,Othyus Jeffers,SG,28,SAS,4,1,34,3.2,5.3,.600,0.0,1.1,.000,3.2,4.2,.750,1.1,2.1,.500,1.1,5.3,6.4,1.1,0.0,0.0,0.0,2.1,7.4
227,Al Jefferson,PF,29,CHA,58,58,1985,9.9,19.6,.506,0.1,0.1,.375,9.9,19.5,.507,2.6,3.9,.671,2.0,8.9,10.9,2.2,1.0,1.2,1.7,2.6,22.5
228,Richard Jefferson,SF,33,UTA,67,67,1805,4.7,10.6,.445,2.0,4.7,.424,2.7,5.9,.463,2.0,2.6,.769,0.3,3.4,3.7,2.2,0.9,0.2,1.7,2.7,13.4
229,John Jenkins,SG,22,ATL,13,0,158,3.6,9.6,.381,0.9,4.1,.222,2.7,5.5,.500,0.9,0.9,1.000,0.7,4.3,5.0,2.5,0.2,0.2,2.5,2.5,9.1
230,Brandon Jennings,PG,24,DET,64,63,2247,5.7,15.2,.377,2.0,5.8,.339,3.7,9.4,.400,3.4,4.5,.759,0.8,2.4,3.2,8.1,1.4,0.1,2.8,2.1,16.8
231,Jonas Jerebko,PF,26,DET,48,0,421,4.8,9.9,.483,0.9,2.7,.355,3.8,7.3,.529,2.2,3.1,.722,2.3,6.1,8.4,1.8,0.9,0.4,2.7,4.1,12.7
232,Amir Johnson,PF,26,TOR,63,58,1836,5.7,10.2,.558,0.3,1.2,.271,5.4,9.0,.594,1.7,2.5,.667,2.7,5.4,8.1,1.8,0.9,1.4,2.0,4.4,13.4
233,Chris Johnson,SF,23,BOS,25,0,497,4.1,9.7,.425,2.4,5.9,.407,1.7,3.8,.453,1.3,1.4,.947,1.4,2.9,4.3,1.6,1.2,0.2,0.9,3.1,12.0
234,James Johnson,SF,26,MEM,40,2,780,5.5,12.0,.459,0.9,3.4,.260,4.6,8.6,.538,2.9,3.4,.851,2.3,4.2,6.5,4.2,1.8,2.3,2.5,3.9,14.8
235,Joe Johnson,SG,32,BRK,62,62,2037,6.1,13.8,.441,2.1,5.4,.394,4.0,8.4,.471,2.2,2.6,.819,0.7,2.9,3.5,2.9,0.7,0.1,1.7,2.0,16.5
236,Orlando Johnson,SG,24,TOT,45,0,392,3.3,10.4,.319,0.8,4.3,.191,2.5,6.1,.409,1.7,2.4,.731,0.8,4.2,5.1,1.8,0.6,0.2,1.4,2.4,9.2
237,Wesley Johnson,SF,26,LAL,65,53,1864,4.5,10.4,.435,1.6,4.4,.366,2.9,6.0,.486,1.0,1.3,.769,1.1,4.1,5.1,1.8,1.3,1.4,1.5,3.5,11.6
238,Darius Johnson-Odom,G,24,PHI,1,0,10,0.0,18.0,.000,0.0,7.2,.000,0.0,10.8,.000,0.0,7.2,.000,0.0,7.2,7.2,3.6,3.6,0.0,3.6,7.2,0.0
239,James Jones,SF,33,MIA,12,3,70,5.7,13.4,.423,5.7,10.3,.550,0.0,3.1,.000,2.1,3.6,.571,0.0,2.6,2.6,2.1,0.5,1.0,0.5,0.0,19.0
240,Perry Jones,PF,22,OKC,55,7,721,3.9,8.2,.476,1.0,2.8,.357,2.9,5.4,.537,1.4,2.1,.667,1.2,4.1,5.3,1.2,0.7,0.9,1.0,3.0,10.2
Rk,Player,Pos,Age,Tm,G,GS,MP,FG,FGA,FG%,3P,3PA,3P%,2P,2PA,2P%,FT,FTA,FT%,ORB,DRB,TRB,AST,STL,BLK,TOV,PF,PTS
241,Solomon Jones,PF,29,ORL,11,0,85,2.5,7.2,.353,0.0,0.0,,2.5,7.2,.353,0.8,1.7,.500,3.4,3.4,6.8,0.8,0.8,0.8,0.8,5.1,5.9
242,Terrence Jones,PF,22,HOU,61,56,1671,6.4,11.8,.536,0.5,1.7,.309,5.8,10.1,.576,1.7,3.1,.570,2.7,6.7,9.3,1.4,0.8,1.6,1.3,2.4,15.0
243,DeAndre Jordan,C,25,LAC,68,68,2422,4.2,6.3,.667,0.0,0.0,,4.2,6.3,.667,2.0,4.5,.453,4.1,9.9,14.0,0.9,1.0,2.4,1.4,3.3,10.4
244,Cory Joseph,SG,22,SAS,53,17,738,4.6,9.9,.465,0.5,1.6,.333,4.0,8.2,.491,3.0,3.6,.849,1.4,2.5,3.9,4.1,1.4,0.6,1.8,2.9,12.7
245,Chris Kaman,C,31,LAL,34,8,625,8.4,16.5,.505,0.0,0.2,.000,8.4,16.4,.511,2.6,3.5,.754,2.5,8.6,11.1,2.6,0.5,2.1,3.7,4.6,19.4
246,Enes Kanter,C,21,UTA,66,27,1701,7.2,14.6,.496,0.0,0.0,.000,7.2,14.6,.496,2.5,3.4,.728,3.6,5.8,9.4,1.2,0.5,0.8,2.4,4.0,17.0
247,Sergey Karasev,SF,20,CLE,20,1,146,2.5,7.9,.313,1.0,4.4,.222,1.5,3.5,.429,2.2,2.5,.900,0.0,3.7,3.7,1.2,0.7,0.2,2.5,4.4,8.1
248,Ryan Kelly,PF,22,LAL,43,16,877,4.3,9.9,.433,1.5,3.9,.375,2.8,5.9,.472,3.2,3.9,.830,1.1,4.8,5.8,2.3,0.7,1.4,1.1,4.0,13.2
249,Michael Kidd-Gilchrist,SF,20,CHA,47,47,1175,4.0,8.5,.473,0.0,0.3,.111,4.0,8.2,.485,2.8,4.4,.629,2.4,4.8,7.2,1.2,1.0,1.0,1.6,3.6,10.8
250,Andrei Kirilenko,PF,32,BRK,33,1,628,3.7,6.9,.542,0.1,0.3,.200,3.7,6.6,.557,3.0,5.5,.542,2.5,4.0,6.5,2.9,1.7,0.8,2.5,3.0,10.5
251,Brandon Knight,PG,22,MIL,58,55,1872,6.9,16.5,.422,1.7,5.1,.337,5.2,11.3,.460,3.8,4.7,.819,0.7,3.1,3.8,5.5,1.1,0.2,2.8,2.1,19.4
252,Kyle Korver,SG,32,ATL,60,60,2041,4.4,9.0,.491,2.9,5.9,.491,1.6,3.2,.492,1.3,1.4,.935,0.4,3.7,4.1,3.1,1.2,0.3,1.4,2.3,13.0
253,Kosta Koufos,C,24,MEM,65,22,1155,6.1,12.2,.503,0.0,0.0,,6.1,12.2,.503,1.7,2.6,.624,4.2,7.0,11.3,1.1,0.9,1.8,1.9,4.9,13.9
254,Viacheslav Kravtsov,C,26,PHO,20,0,59,4.9,9.2,.533,0.0,0.0,,4.9,9.2,.533,2.4,4.9,.500,5.5,4.9,10.4,0.6,0.0,0.6,3.7,4.3,12.2
255,Ognjen Kuzmic,C,23,GSW,17,0,58,1.9,6.8,.273,0.0,0.0,,1.9,6.8,.273,1.9,4.3,.429,3.7,3.7,7.4,0.6,0.6,2.5,6.2,7.4,5.6
256,Doron Lamb,SG,22,ORL,38,0,418,3.2,8.8,.363,1.7,4.6,.377,1.5,4.2,.347,1.5,1.7,.850,0.2,2.3,2.5,2.3,0.6,0.0,1.4,2.8,9.6
257,Jeremy Lamb,SG,21,OKC,66,0,1362,6.2,14.4,.433,2.0,5.9,.347,4.2,8.5,.492,1.2,1.5,.839,0.7,3.9,4.5,2.6,1.3,0.6,1.3,3.3,15.7
258,Carl Landry,PF,30,SAC,18,1,233,4.8,9.3,.517,0.0,0.0,,4.8,9.3,.517,2.2,2.6,.824,2.3,6.5,8.8,0.8,0.5,0.2,1.4,5.3,11.7
259,Shane Larkin,PG,21,DAL,43,0,469,3.7,10.0,.369,0.8,2.8,.297,2.8,7.1,.398,1.2,1.8,.652,0.8,2.4,3.2,5.3,1.9,0.1,3.0,3.2,9.4
260,Ty Lawson,PG,26,DEN,53,53,1912,5.9,13.6,.432,1.2,3.4,.354,4.7,10.1,.458,5.2,6.5,.802,0.7,2.9,3.6,9.1,1.5,0.2,3.2,1.8,18.1
Rk,Player,Pos,Age,Tm,G,GS,MP,FG,FGA,FG%,3P,3PA,3P%,2P,2PA,2P%,FT,FTA,FT%,ORB,DRB,TRB,AST,STL,BLK,TOV,PF,PTS
261,Ricky Ledo,SG,21,DAL,11,0,33,6.5,18.5,.353,3.3,8.7,.375,3.3,9.8,.333,4.4,4.4,1.000,0.0,2.2,2.2,2.2,1.1,0.0,2.2,2.2,20.7
262,Courtney Lee,SG,28,TOT,63,31,1529,5.7,11.7,.491,1.3,3.6,.373,4.4,8.1,.544,1.9,2.1,.879,0.5,3.0,3.5,2.1,1.2,0.6,1.2,2.3,14.7
263,David Lee,PF,30,GSW,63,62,2104,8.1,15.6,.519,0.0,0.0,.000,8.1,15.6,.520,3.7,4.7,.789,2.9,7.2,10.1,2.3,0.7,0.4,2.4,3.2,19.9
264,Alex Len,C,20,PHO,32,3,291,3.5,7.8,.444,0.0,0.0,,3.5,7.8,.444,2.2,3.3,.667,4.1,5.6,9.6,0.4,0.4,1.6,2.2,7.2,9.2
265,Kawhi Leonard,SF,22,SAS,51,50,1471,6.1,11.7,.522,1.2,3.1,.367,4.9,8.5,.579,1.7,2.1,.791,1.4,6.3,7.7,2.3,2.2,0.8,1.6,2.5,15.0
266,Meyers Leonard,C,21,POR,29,0,283,4.5,9.0,.493,0.0,0.6,.000,4.5,8.4,.530,1.8,2.0,.875,2.8,8.5,11.3,1.8,0.8,0.4,1.5,7.6,10.7
267,Jon Leuer,PF,24,MEM,41,0,596,6.9,14.0,.496,1.4,2.8,.489,5.6,11.2,.497,2.2,2.8,.787,2.2,6.6,8.8,1.2,1.0,0.7,1.6,3.6,17.5
268,Rashard Lewis,SF,34,MIA,48,6,752,3.4,8.0,.417,1.7,4.9,.343,1.7,3.2,.530,0.6,0.9,.722,0.8,3.1,3.9,2.1,2.1,0.4,1.3,3.4,9.0
269,DeAndre Liggins,SG,25,MIA,1,0,1,36.0,36.0,1.000,0.0,0.0,,36.0,36.0,1.000,0.0,0.0,,36.0,0.0,36.0,0.0,0.0,0.0,0.0,0.0,72.0
270,Damian Lillard,PG,23,POR,67,67,2404,7.0,16.2,.431,2.7,6.8,.398,4.3,9.4,.454,4.6,5.2,.879,0.5,3.2,3.6,5.6,0.7,0.3,2.4,2.5,21.3
271,Jeremy Lin,PG,25,HOU,56,25,1622,5.1,11.3,.448,1.3,3.9,.333,3.8,7.5,.507,3.9,4.9,.808,0.5,2.7,3.2,5.0,1.1,0.5,3.2,2.8,15.4
272,Shaun Livingston,PG,28,BRK,63,41,1585,4.1,8.9,.467,0.0,0.1,.167,4.1,8.7,.471,2.9,3.4,.854,1.2,3.2,4.4,4.4,1.7,0.6,1.9,3.2,11.2
273,Brook Lopez,C,25,BRK,17,17,533,8.7,15.5,.563,0.0,0.1,.000,8.7,15.4,.566,6.3,7.8,.817,2.6,4.3,6.9,1.1,0.6,2.0,1.9,3.5,23.8
274,Robin Lopez,C,25,POR,67,67,2110,4.8,8.9,.538,0.0,0.0,.000,4.8,8.9,.539,2.8,3.4,.810,4.5,5.2,9.7,1.0,0.4,1.9,1.2,2.9,12.4
275,Kevin Love,PF,25,MIN,62,62,2265,8.4,18.2,.462,2.4,6.3,.382,6.0,11.9,.505,6.7,8.3,.815,3.0,9.7,12.7,4.2,0.8,0.4,2.3,1.8,26.0
276,Kyle Lowry,PG,27,TOR,65,65,2374,5.4,12.8,.419,2.3,6.1,.383,3.1,6.8,.452,3.8,4.6,.824,1.1,3.5,4.6,7.7,1.5,0.2,2.4,3.4,16.9
277,John Lucas,PG,31,UTA,38,6,559,3.9,11.5,.335,1.5,5.0,.312,2.3,6.6,.353,0.6,1.0,.625,0.7,1.7,2.4,2.6,0.8,0.0,1.4,2.5,9.9
278,Shelvin Mack,PG,24,ATL,57,6,1122,5.3,12.6,.419,1.4,4.2,.338,3.9,8.5,.458,1.6,1.9,.845,0.4,3.4,3.9,6.8,1.3,0.0,2.3,2.4,13.6
279,Ian Mahinmi,C,27,IND,62,0,999,2.4,5.5,.435,0.0,0.0,.000,2.4,5.5,.438,2.4,3.9,.606,3.0,4.3,7.2,0.7,1.4,2.2,1.7,5.9,7.2
280,Shawn Marion,SF,35,DAL,61,61,1910,5.1,10.8,.475,0.8,2.4,.352,4.3,8.4,.510,0.8,1.0,.796,1.9,5.5,7.5,1.9,1.3,0.5,1.4,2.0,11.9
Rk,Player,Pos,Age,Tm,G,GS,MP,FG,FGA,FG%,3P,3PA,3P%,2P,2PA,2P%,FT,FTA,FT%,ORB,DRB,TRB,AST,STL,BLK,TOV,PF,PTS
281,Kendall Marshall,PG,22,LAL,38,29,1138,4.0,9.6,.410,1.8,4.2,.433,2.1,5.4,.392,0.4,0.8,.500,0.4,3.3,3.7,11.3,0.9,0.1,3.4,1.6,10.1
282,Cartier Martin,SF,29,TOT,47,4,692,4.6,10.9,.426,2.5,6.5,.392,2.1,4.4,.476,1.9,2.4,.766,0.5,4.0,4.5,1.2,1.0,0.3,1.5,3.0,13.7
283,Kenyon Martin,PF,36,NYK,32,15,633,3.6,7.0,.512,0.0,0.1,.000,3.6,6.9,.516,0.6,1.1,.579,2.0,5.6,7.6,2.8,1.4,1.5,1.5,4.8,7.8
284,Kevin Martin,SG,30,MIN,56,56,1813,7.3,17.0,.429,1.9,5.0,.387,5.3,12.0,.447,5.2,5.8,.894,0.6,3.0,3.6,2.1,1.1,0.1,1.7,1.9,21.7
285,Roger Mason,SG,33,MIA,25,2,260,3.5,9.3,.373,2.4,6.6,.354,1.1,2.6,.421,1.0,1.0,1.000,0.1,2.9,3.0,2.6,0.8,0.1,1.2,3.6,10.2
286,Wesley Matthews,SG,27,POR,67,67,2298,5.7,13.0,.440,2.5,6.4,.394,3.2,6.5,.486,3.2,3.9,.825,0.7,3.3,4.0,2.5,1.0,0.2,1.3,2.2,17.1
287,Jason Maxiell,PF,30,ORL,33,13,483,3.5,7.7,.456,0.0,0.0,,3.5,7.7,.456,1.0,2.0,.481,2.1,4.2,6.3,0.7,0.6,1.4,1.0,3.5,8.0
288,Eric Maynor,PG,26,TOT,31,0,327,3.5,11.1,.317,1.3,4.1,.324,2.2,7.0,.313,0.7,1.2,.545,1.0,3.3,4.3,5.7,1.0,0.3,3.2,1.9,9.0
289,O.J. Mayo,SG,26,MIL,50,23,1301,5.9,14.6,.401,2.2,6.0,.369,3.7,8.6,.423,2.1,2.4,.872,0.7,2.6,3.3,3.0,0.8,0.4,2.6,3.0,16.0
290,Luc Mbah a Moute,PF-SF,27,TOT,51,7,769,2.8,6.4,.438,0.1,0.6,.167,2.7,5.9,.464,1.7,2.6,.673,2.1,3.4,5.5,1.4,1.1,0.5,1.5,2.5,7.4
291,Ray McCallum,PG,22,SAC,30,0,355,4.2,11.3,.369,0.9,2.7,.333,3.2,8.5,.381,1.4,1.5,.933,1.0,2.9,4.0,3.7,0.6,0.3,1.3,3.7,10.6
292,C.J. McCollum,SG,22,POR,29,0,408,5.6,13.2,.420,2.2,5.9,.373,3.4,7.3,.458,1.4,1.9,.727,0.5,3.0,3.5,1.9,1.1,0.2,2.6,4.1,14.7
293,JaVale McGee,C,26,DEN,5,5,79,7.7,17.3,.447,0.0,0.0,,7.7,17.3,.447,0.5,0.5,1.000,4.6,3.2,7.7,0.9,0.5,3.2,3.6,7.3,15.9
294,Ben McLemore,SG,20,SAC,67,40,1629,4.1,11.2,.368,1.5,4.9,.314,2.6,6.3,.411,1.7,2.0,.815,0.9,3.2,4.1,1.3,0.9,0.3,1.6,3.6,11.4
295,Josh McRoberts,PF,26,CHA,66,66,1995,3.8,8.7,.435,1.6,4.3,.368,2.2,4.4,.500,0.9,1.3,.712,1.3,4.6,5.8,5.0,0.9,0.7,1.2,2.8,10.1
296,Jodie Meeks,SG,26,LAL,61,54,1998,5.7,12.5,.457,2.4,6.0,.402,3.3,6.5,.508,3.0,3.5,.853,0.5,2.4,2.9,1.9,1.5,0.1,1.7,1.8,16.8
297,Gal Mekel,PG,25,DAL,31,1,292,3.7,10.6,.349,0.6,2.5,.250,3.1,8.1,.379,1.0,1.5,.667,0.6,2.7,3.3,7.8,0.5,0.1,3.8,3.8,9.0
298,Khris Middleton,SF,22,MIL,67,49,1955,5.6,12.5,.448,1.8,4.2,.419,3.8,8.3,.462,1.6,1.9,.838,0.9,3.7,4.6,2.6,1.3,0.3,1.8,3.4,14.6
299,C.J. Miles,SG,26,CLE,50,34,982,6.5,15.0,.435,3.0,7.7,.393,3.5,7.3,.480,2.3,2.7,.853,0.7,3.1,3.8,1.9,1.7,0.5,1.6,3.8,18.4
300,Andre Miller,SG,37,TOT,42,2,732,4.1,9.0,.454,0.5,1.0,.500,3.6,8.0,.448,2.5,3.2,.769,1.0,3.6,4.7,6.9,1.1,0.3,2.0,2.6,11.1
Rk,Player,Pos,Age,Tm,G,GS,MP,FG,FGA,FG%,3P,3PA,3P%,2P,2PA,2P%,FT,FTA,FT%,ORB,DRB,TRB,AST,STL,BLK,TOV,PF,PTS
301,Darius Miller,SF,23,NOP,30,0,363,2.9,7.0,.408,1.3,4.1,.317,1.6,3.0,.533,1.5,1.8,.833,0.6,2.6,3.2,2.1,0.6,0.5,1.0,5.1,8.5
302,Mike Miller,SF,33,MEM,66,4,1361,4.4,9.3,.476,2.2,4.9,.446,2.2,4.4,.509,1.1,1.3,.816,0.7,3.7,4.3,2.6,0.6,0.1,1.5,2.2,12.1
303,Quincy Miller,SF,21,DEN,36,4,462,4.5,11.7,.387,1.1,3.6,.304,3.4,8.1,.423,2.3,3.1,.725,2.1,5.3,7.4,1.1,0.9,1.2,2.6,3.0,12.4
304,Patrick Mills,PG,25,SAS,66,1,1215,7.2,15.5,.464,3.1,7.5,.417,4.1,8.0,.507,1.8,2.1,.871,0.7,3.1,3.9,3.5,1.6,0.2,1.5,2.8,19.3
305,Paul Millsap,PF,28,ATL,58,57,1914,7.0,15.2,.457,1.1,3.1,.365,5.8,12.1,.481,4.3,5.7,.741,2.3,6.7,9.0,3.4,2.0,1.2,2.7,3.1,19.3
306,Tony Mitchell,SF,24,MIL,3,0,10,10.8,18.0,.600,0.0,3.6,.000,10.8,14.4,.750,0.0,0.0,,3.6,0.0,3.6,3.6,3.6,0.0,0.0,0.0,21.6
307,Tony Mitchell,PF,21,DET,15,0,46,2.3,4.7,.500,0.8,0.8,1.000,1.6,3.9,.400,6.3,11.0,.571,7.0,3.9,11.0,0.8,0.8,1.6,1.6,1.6,11.7
308,Nazr Mohammed,C,36,CHI,64,1,480,3.3,8.1,.407,0.0,0.0,,3.3,8.1,.407,1.0,2.0,.519,4.4,6.7,11.1,1.2,0.9,1.7,2.5,5.0,7.7
309,Greg Monroe,PF,23,DET,66,66,2157,6.5,12.9,.505,0.0,0.0,,6.5,12.9,.505,3.3,4.9,.668,3.3,6.9,10.2,2.2,1.2,0.6,2.3,2.6,16.3
310,E'Twaun Moore,SG,24,ORL,64,3,1233,4.7,10.9,.434,1.4,3.9,.364,3.3,7.0,.473,1.1,1.5,.760,0.6,2.5,3.1,2.7,1.5,0.4,1.3,2.6,12.0
311,Darius Morris,PG,23,TOT,27,0,313,4.5,11.0,.406,1.4,4.4,.316,3.1,6.7,.466,2.0,3.0,.654,0.8,2.2,3.0,5.1,1.5,0.0,3.1,3.8,12.3
312,Marcus Morris,SF,24,PHO,66,1,1482,5.9,13.0,.450,2.1,5.2,.394,3.8,7.8,.488,2.5,3.2,.780,1.7,4.7,6.4,1.8,1.5,0.4,2.1,3.2,16.3
313,Markieff Morris,PF,24,PHO,65,0,1691,6.8,14.3,.476,0.6,1.9,.295,6.3,12.5,.503,4.5,5.7,.791,2.5,5.7,8.2,2.4,1.2,0.8,2.6,4.0,18.7
314,Anthony Morrow,SG,28,NOP,60,5,986,5.7,12.7,.447,2.2,5.0,.445,3.4,7.7,.448,1.4,1.8,.780,0.7,2.6,3.3,1.2,1.0,0.3,1.3,2.6,15.0
315,Donatas Motiejunas,PF,23,HOU,46,2,660,4.6,10.6,.431,1.0,3.6,.273,3.6,7.0,.512,2.5,4.0,.616,2.0,6.0,8.0,1.4,0.7,0.8,1.6,5.0,12.6
316,Arnett Moultrie,PF,23,PHI,12,2,187,3.1,7.3,.421,0.0,0.0,,3.1,7.3,.421,0.8,1.0,.800,2.1,4.6,6.7,0.4,1.5,0.8,1.3,4.2,6.9
317,Timofey Mozgov,C,27,DEN,66,14,1341,5.5,10.7,.513,0.0,0.2,.000,5.5,10.4,.524,3.8,5.1,.742,3.4,7.0,10.4,1.2,0.5,2.2,2.5,4.5,14.7
318,Shabazz Muhammad,SG,21,MIN,28,0,212,6.5,15.5,.418,0.2,1.4,.125,6.3,14.1,.446,3.4,5.1,.667,3.1,4.1,7.1,0.7,1.4,0.2,2.5,3.7,16.5
319,Byron Mullens,C,24,TOT,37,0,306,6.0,14.0,.429,2.7,7.3,.371,3.3,6.7,.491,0.9,1.9,.500,1.9,5.6,7.5,1.4,1.2,0.8,2.6,6.2,15.6
320,Erik Murphy,C,23,CHI,23,0,62,1.7,7.5,.231,0.0,1.7,.000,1.7,5.8,.300,0.0,0.0,,1.2,3.5,4.6,1.2,0.0,2.3,1.2,4.1,3.5
Rk,Player,Pos,Age,Tm,G,GS,MP,FG,FGA,FG%,3P,3PA,3P%,2P,2PA,2P%,FT,FTA,FT%,ORB,DRB,TRB,AST,STL,BLK,TOV,PF,PTS
321,Toure' Murry,SF,24,NYK,43,0,300,5.4,12.2,.441,0.1,0.8,.143,5.3,11.4,.463,2.0,3.6,.567,1.4,3.1,4.6,4.8,1.8,0.1,3.2,4.7,13.0
322,Mike Muscala,C,22,ATL,5,0,53,4.1,11.5,.353,0.0,0.7,.000,4.1,10.9,.375,0.0,0.0,,3.4,6.1,9.5,0.7,1.4,2.0,1.4,8.2,8.2
323,Hamady N'Diaye,C,27,SAC,14,0,74,1.5,4.4,.333,0.0,0.0,,1.5,4.4,.333,0.0,0.5,.000,2.4,6.3,8.8,1.5,0.0,1.9,1.5,7.3,2.9
324,Steve Nash,PG,39,LAL,10,10,225,4.3,12.0,.360,1.0,3.0,.316,3.4,9.0,.375,2.6,2.9,.889,0.3,2.4,2.7,7.5,0.5,0.2,3.0,2.2,12.2
325,Gary Neal,SG,29,TOT,39,3,835,6.4,15.5,.411,2.4,6.1,.397,4.0,9.4,.420,3.0,3.4,.873,0.4,2.4,2.8,2.7,0.5,0.0,2.3,2.2,18.2
326,Nemanja Nedovic,SG,22,GSW,22,0,139,2.1,9.3,.222,0.8,4.1,.188,1.3,5.2,.250,1.8,2.1,.875,0.8,3.1,3.9,3.4,0.0,0.3,3.4,3.4,6.7
327,Jameer Nelson,PG,31,ORL,60,60,1960,4.8,12.3,.394,2.3,6.6,.355,2.5,5.7,.439,1.6,1.8,.869,0.4,3.3,3.7,7.6,0.8,0.1,2.6,2.4,13.6
328,Andrew Nicholson,PF,24,ORL,62,4,947,5.5,13.1,.420,0.9,3.0,.295,4.6,10.1,.457,1.4,1.8,.809,1.8,6.4,8.2,0.7,0.6,0.8,1.7,4.4,13.3
329,Joakim Noah,C,28,CHI,64,64,2209,4.9,10.0,.488,0.0,0.0,.000,4.9,9.9,.489,3.2,4.4,.728,3.7,8.0,11.8,5.2,1.2,1.6,2.4,3.1,12.9
330,Steve Novak,PF,30,TOR,41,1,421,3.9,9.7,.407,3.5,8.0,.436,0.4,1.6,.263,0.4,0.4,1.000,0.4,3.4,3.8,0.9,0.7,0.3,0.3,2.6,11.8
331,Dirk Nowitzki,PF,35,DAL,65,65,2091,8.7,17.6,.495,1.8,4.4,.402,7.0,13.2,.526,4.8,5.2,.917,0.6,6.2,6.7,3.0,1.0,0.6,1.5,2.3,24.0
332,James Nunnally,SF,23,ATL,4,0,54,4.0,12.0,.333,2.0,6.7,.300,2.0,5.3,.375,2.0,2.7,.750,0.7,4.7,5.3,1.3,0.7,0.7,2.7,1.3,12.0
333,Jermaine O'Neal,PF,35,GSW,34,8,662,4.8,9.7,.497,0.0,0.0,,4.8,9.7,.497,4.1,5.5,.745,3.5,6.2,9.7,0.8,0.7,1.7,2.2,4.4,13.8
334,Kyle O'Quinn,C,23,ORL,54,4,826,5.3,10.7,.496,0.0,0.1,.000,5.3,10.6,.500,1.6,2.2,.720,2.8,8.5,11.4,2.4,1.2,2.6,2.3,5.3,12.2
335,Greg Oden,C,26,MIA,18,2,150,4.6,8.2,.559,0.0,0.0,,4.6,8.2,.559,2.4,4.1,.588,4.1,5.5,9.6,0.2,1.0,1.7,2.4,9.4,11.5
336,Victor Oladipo,PG,21,ORL,65,37,2064,5.6,13.4,.415,1.0,3.2,.314,4.6,10.2,.448,3.6,4.6,.784,0.6,4.2,4.9,4.6,1.8,0.6,3.5,3.0,15.8
337,Kelly Olynyk,C,22,BOS,55,6,1053,5.4,12.3,.438,0.9,2.8,.321,4.5,9.6,.471,2.4,3.0,.798,3.9,5.4,9.3,3.0,1.0,0.8,2.8,6.1,14.1
338,Arinze Onuaku,PF,26,TOT,5,0,30,1.2,6.0,.200,0.0,0.0,,1.2,6.0,.200,1.2,2.4,.500,2.4,7.2,9.6,3.6,0.0,0.0,1.2,3.6,3.6
339,Daniel Orton,C,23,PHI,22,4,251,3.0,6.7,.447,0.0,0.0,,3.0,6.7,.447,3.3,4.3,.767,2.3,6.5,8.7,2.2,0.9,2.3,2.6,5.5,9.3
340,Travis Outlaw,SF,29,SAC,49,2,712,3.9,10.3,.379,1.3,3.6,.347,2.6,6.6,.397,1.6,1.8,.861,1.6,4.8,6.4,1.3,0.7,0.9,1.0,3.4,10.6
Rk,Player,Pos,Age,Tm,G,GS,MP,FG,FGA,FG%,3P,3PA,3P%,2P,2PA,2P%,FT,FTA,FT%,ORB,DRB,TRB,AST,STL,BLK,TOV,PF,PTS
341,Zaza Pachulia,C,29,MIL,38,28,933,3.4,8.8,.380,0.0,0.0,.000,3.4,8.8,.382,3.4,3.9,.873,3.8,5.1,8.9,3.4,1.4,0.3,2.5,3.2,10.1
342,Jannero Pargo,PG,34,CHA,25,0,196,7.9,17.1,.462,3.5,8.6,.404,4.4,8.4,.522,1.5,2.0,.727,0.0,2.2,2.2,7.3,2.0,0.2,4.2,2.4,20.8
343,Tony Parker,PG,31,SAS,55,55,1667,8.2,16.4,.502,0.5,1.3,.387,7.7,15.1,.512,3.8,4.7,.799,0.3,2.3,2.6,7.3,0.6,0.2,2.8,1.6,20.8
344,Chandler Parsons,SF,25,HOU,60,60,2262,5.9,12.5,.475,1.6,4.4,.376,4.3,8.1,.528,2.0,2.7,.734,0.9,4.4,5.3,3.7,1.1,0.4,1.9,2.1,15.5
345,Patrick Patterson,PF,24,TOT,56,10,1326,5.5,11.7,.469,1.2,3.3,.372,4.3,8.4,.506,1.3,1.7,.734,2.8,5.4,8.2,1.8,1.3,0.8,1.5,3.7,13.5
346,Chris Paul,PG,28,LAC,49,49,1699,6.6,14.4,.461,1.0,3.1,.333,5.6,11.3,.495,4.9,5.7,.856,0.6,4.0,4.6,11.4,2.5,0.1,2.5,2.5,19.2
347,Nikola Pekovic,C,28,MIN,51,51,1608,8.1,15.2,.535,0.0,0.0,,8.1,15.2,.535,3.9,5.3,.742,4.5,5.7,10.3,1.1,0.6,0.5,1.7,2.8,20.2
348,Kendrick Perkins,C,29,OKC,54,54,1066,2.6,5.8,.442,0.0,0.1,.000,2.6,5.7,.447,1.1,2.0,.559,2.4,6.7,9.1,2.1,0.8,1.0,2.9,5.3,6.2
349,Paul Pierce,SF,36,BRK,59,52,1681,5.4,12.3,.437,1.8,4.9,.372,3.5,7.3,.481,4.5,5.4,.840,0.5,5.5,6.0,3.2,1.4,0.6,2.8,3.0,17.1
350,Dexter Pittman,C,25,ATL,2,0,3,0.0,12.0,.000,0.0,0.0,,0.0,12.0,.000,0.0,24.0,.000,36.0,0.0,36.0,0.0,0.0,0.0,0.0,0.0,0.0
351,Mason Plumlee,PF,23,BRK,52,10,845,5.3,8.4,.626,0.0,0.1,.000,5.3,8.4,.633,3.5,5.5,.623,2.5,5.5,8.1,1.0,1.4,1.7,1.8,5.3,14.0
352,Miles Plumlee,C,25,PHO,64,63,1637,5.3,10.5,.504,0.0,0.0,,5.3,10.5,.504,1.4,2.6,.547,3.5,8.0,11.5,0.7,0.9,1.8,2.0,3.5,12.0
353,Quincy Pondexter,SG,25,MEM,15,2,270,4.1,10.5,.392,1.5,4.5,.324,2.7,6.0,.444,2.8,3.5,.808,1.3,2.1,3.5,2.7,0.7,0.1,2.0,2.4,12.5
354,Otto Porter,SF,20,WAS,29,0,254,2.8,9.1,.313,0.3,1.8,.154,2.6,7.2,.353,0.7,1.1,.625,1.7,3.8,5.5,1.3,1.1,0.1,1.3,2.7,6.7
355,Phil Pressey,PG,22,BOS,62,7,854,2.2,7.8,.285,0.8,3.3,.256,1.4,4.6,.306,0.9,1.5,.629,0.5,2.7,3.2,7.0,2.1,0.2,2.6,3.2,6.2
356,A.J. Price,SG,27,MIN,28,0,99,6.9,16.7,.413,2.2,8.0,.273,4.7,8.7,.542,0.0,0.7,.000,0.4,3.3,3.6,4.7,0.4,0.0,2.5,1.8,16.0
357,Ronnie Price,SG,30,ORL,24,2,271,2.7,8.1,.328,0.8,3.9,.207,1.9,4.3,.438,0.4,0.7,.600,0.9,3.6,4.5,4.9,2.7,0.3,2.1,4.4,6.5
358,Pablo Prigioni,PG,36,NYK,51,26,1030,2.5,5.5,.459,1.9,4.1,.457,0.7,1.4,.463,0.3,0.3,.900,1.1,2.7,3.7,6.2,2.1,0.1,1.5,3.8,7.2
359,Tayshaun Prince,SF,33,MEM,63,63,1641,3.7,9.1,.406,0.4,1.3,.317,3.3,7.8,.421,0.7,1.1,.577,0.5,3.7,4.1,2.3,0.8,0.4,0.8,1.1,8.4
360,Miroslav Raduljica,C,26,MIL,42,2,425,5.5,10.2,.537,0.0,0.0,,5.5,10.2,.537,3.5,4.2,.837,4.3,4.0,8.3,1.9,0.6,1.0,2.1,6.3,14.5
Rk,Player,Pos,Age,Tm,G,GS,MP,FG,FGA,FG%,3P,3PA,3P%,2P,2PA,2P%,FT,FTA,FT%,ORB,DRB,TRB,AST,STL,BLK,TOV,PF,PTS
361,Anthony Randolph,PF,24,DEN,33,4,409,4.2,11.7,.361,1.0,3.7,.262,3.3,8.0,.407,3.7,5.2,.712,1.3,7.1,8.4,1.7,1.9,1.5,2.8,4.1,13.1
362,Shavlik Randolph,PF,30,PHO,5,0,35,4.1,8.2,.500,0.0,0.0,,4.1,8.2,.500,4.1,8.2,.500,2.1,7.2,9.3,0.0,2.1,0.0,2.1,5.1,12.3
363,Zach Randolph,PF,32,MEM,63,63,2148,7.3,15.9,.458,0.0,0.3,.000,7.3,15.6,.466,3.4,4.7,.737,3.5,7.2,10.7,2.6,0.7,0.3,2.4,2.7,17.9
364,J.J. Redick,SG,29,LAC,30,30,863,6.7,14.6,.459,2.6,6.6,.396,4.1,8.0,.510,3.5,3.9,.914,0.4,2.3,2.6,2.8,1.0,0.1,1.5,2.4,19.6
365,Glen Rice,SG,23,WAS,11,1,109,3.6,12.2,.297,1.7,5.6,.294,2.0,6.6,.300,1.7,2.3,.714,1.3,5.3,6.6,2.3,2.0,0.3,3.0,2.3,10.6
366,Luke Ridnour,PG,32,TOT,46,12,893,3.8,10.2,.374,1.1,3.3,.325,2.7,6.9,.398,0.6,0.9,.682,0.8,2.3,3.1,5.6,1.0,0.2,2.3,2.7,9.4
367,Austin Rivers,SG,21,NOP,54,0,925,5.1,12.9,.392,1.0,3.0,.325,4.1,9.9,.412,3.0,4.6,.658,0.8,2.1,3.0,3.9,1.2,0.3,2.1,4.0,14.1
368,Andre Roberson,PF,22,OKC,28,6,243,3.1,6.1,.512,0.1,1.0,.143,3.0,5.0,.588,1.0,1.5,.700,3.7,5.3,9.0,1.5,2.1,0.7,1.9,6.7,7.4
369,Brian Roberts,PG,28,NOP,60,33,1374,5.3,12.2,.432,1.4,3.7,.373,3.9,8.5,.458,2.6,2.8,.943,0.3,2.6,2.9,5.0,1.0,0.1,2.0,3.0,14.5
370,Nate Robinson,PG,29,DEN,44,1,866,6.8,15.9,.428,2.4,6.4,.377,4.4,9.5,.463,3.0,3.5,.835,0.9,2.5,3.4,4.7,1.5,0.2,2.4,3.8,19.0
371,Thomas Robinson,PF,22,POR,55,0,647,5.6,12.2,.461,0.0,0.1,.000,5.6,12.1,.463,2.4,4.2,.566,4.5,8.3,12.7,1.1,0.8,1.0,2.1,5.5,13.6
372,Rajon Rondo,PG,27,BOS,21,21,674,5.2,13.8,.375,1.1,3.7,.300,4.1,10.1,.402,1.4,2.2,.634,0.6,4.9,5.6,9.9,1.7,0.1,3.3,2.2,12.9
373,Derrick Rose,PG,25,CHI,10,10,311,6.7,19.0,.354,1.9,5.4,.340,4.9,13.5,.359,3.1,3.7,.844,1.0,2.7,3.7,5.0,0.6,0.1,3.9,1.7,18.4
374,Terrence Ross,SG,22,TOR,64,45,1666,5.4,12.6,.432,2.8,6.7,.415,2.7,5.9,.452,1.4,1.6,.840,0.7,3.5,4.2,1.3,1.1,0.5,1.5,3.2,15.0
375,Ricky Rubio,PG,23,MIN,65,65,2043,3.2,8.8,.369,0.6,1.8,.356,2.6,7.0,.372,3.0,3.7,.820,1.0,4.1,5.1,9.7,2.8,0.2,3.1,3.1,10.2
376,Brandon Rush,SG,28,UTA,36,0,405,2.6,7.6,.337,1.4,4.1,.348,1.2,3.6,.325,0.3,0.4,.750,0.3,3.1,3.4,2.0,0.4,0.7,1.4,2.7,6.8
377,Robert Sacre,C,24,LAL,49,12,718,4.7,9.9,.470,0.0,0.0,,4.7,9.9,.470,2.0,3.1,.645,2.9,5.4,8.3,1.4,0.8,2.0,1.7,4.9,11.3
378,John Salmons,SG-SF,34,TOT,62,8,1460,3.2,8.8,.361,1.2,3.4,.368,1.9,5.4,.356,0.8,0.9,.816,0.4,3.1,3.5,3.1,1.0,0.4,1.1,2.4,8.3
379,Larry Sanders,C,25,MIL,23,20,584,4.7,10.0,.469,0.0,0.1,.000,4.7,9.9,.472,1.6,3.4,.473,3.7,6.5,10.2,1.2,1.1,2.5,1.6,4.6,11.0
380,Dennis Schroeder,PG,20,ATL,34,0,448,4.2,10.4,.403,0.4,1.7,.238,3.8,8.7,.435,1.7,2.5,.677,0.2,3.2,3.4,5.3,0.9,0.0,3.5,2.7,10.4
Rk,Player,Pos,Age,Tm,G,GS,MP,FG,FGA,FG%,3P,3PA,3P%,2P,2PA,2P%,FT,FTA,FT%,ORB,DRB,TRB,AST,STL,BLK,TOV,PF,PTS
381,Luis Scola,PF,33,IND,66,0,1132,6.5,14.1,.462,0.0,0.2,.167,6.5,13.9,.466,2.5,3.4,.741,2.1,8.3,10.5,1.9,0.7,0.4,2.9,4.1,15.6
382,Mike Scott,PF,25,ATL,62,3,1139,7.0,14.8,.475,1.7,5.1,.342,5.3,9.7,.546,2.7,3.4,.798,1.6,5.5,7.1,2.0,0.7,0.2,1.8,2.9,18.5
383,Thabo Sefolosha,SG,29,OKC,55,55,1454,3.4,7.9,.425,1.2,3.4,.338,2.2,4.5,.492,1.2,1.6,.769,1.1,3.9,5.0,2.0,1.9,0.4,1.3,1.9,9.1
384,Kevin Seraphin,C,24,WAS,44,0,531,7.2,13.8,.522,0.0,0.0,,7.2,13.8,.522,1.8,2.1,.871,3.4,4.5,7.9,1.1,0.1,1.5,2.6,6.3,16.2
385,Ramon Sessions,PG,27,TOT,68,7,1634,5.3,12.7,.418,0.5,1.9,.259,4.8,10.8,.445,5.4,6.7,.803,0.6,2.7,3.3,5.6,0.9,0.1,2.4,1.5,16.5
386,Tornike Shengelia,SF,22,TOT,23,0,152,2.8,6.2,.462,0.0,1.4,.000,2.8,4.7,.600,0.7,1.9,.375,0.9,2.8,3.8,3.3,0.5,0.2,2.8,4.3,6.4
387,Iman Shumpert,SG,23,NYK,60,55,1586,3.4,8.9,.379,1.5,4.3,.349,1.9,4.6,.408,1.0,1.3,.786,1.5,4.5,5.9,2.5,1.6,0.2,1.6,3.7,9.2
388,Alexey Shved,SG,25,MIN,54,0,581,4.0,12.6,.315,1.5,5.3,.294,2.4,7.3,.331,3.6,4.8,.753,1.2,3.4,4.6,3.0,1.5,0.9,2.2,1.9,13.1
389,Henry Sims,C,23,TOT,30,9,413,4.0,9.6,.418,0.0,0.0,,4.0,9.6,.418,3.5,4.6,.755,3.9,5.7,9.6,1.8,1.5,1.2,1.7,5.6,11.5
390,Kyle Singler,SF,25,DET,66,20,1823,4.2,9.3,.451,1.4,3.7,.370,2.8,5.5,.505,2.4,3.0,.800,1.7,3.0,4.8,1.1,1.0,0.6,1.3,3.5,12.1
391,Chris Singleton,SF,24,WAS,20,0,227,4.0,10.5,.379,1.1,3.0,.368,2.9,7.5,.383,2.7,3.6,.739,2.9,5.2,8.1,1.0,1.4,0.5,2.4,3.5,11.7
392,Peyton Siva,SG,23,DET,14,0,76,1.4,4.3,.333,0.5,1.4,.333,0.9,2.8,.333,0.0,0.0,,0.5,3.3,3.8,3.8,1.4,0.5,6.2,5.2,3.3
393,Donald Sloan,SG,26,IND,33,0,204,3.0,9.2,.327,0.7,3.9,.182,2.3,5.3,.433,1.4,2.5,.571,0.2,3.9,4.1,4.8,1.2,0.0,1.9,1.8,8.1
394,Chris Smith,PG,26,NYK,2,0,2,0.0,0.0,,0.0,0.0,,0.0,0.0,,0.0,0.0,,0.0,0.0,0.0,0.0,0.0,0.0,0.0,0.0,0.0
395,Greg Smith,C,23,HOU,11,0,100,6.5,10.1,.643,0.0,0.0,,6.5,10.1,.643,0.7,1.8,.400,4.0,5.8,9.7,0.0,0.4,0.7,1.8,6.1,13.7
396,Ishmael Smith,PG,25,PHO,54,1,810,4.4,10.9,.402,0.0,0.9,.048,4.4,10.0,.436,1.0,1.7,.564,1.2,3.5,4.7,6.3,2.0,0.5,2.4,2.2,9.8
397,J.R. Smith,SF,28,NYK,59,22,1912,5.5,13.8,.399,2.4,6.4,.379,3.1,7.4,.416,1.3,2.2,.617,0.5,3.9,4.4,3.4,1.0,0.3,1.5,3.0,14.8
398,Jason Smith,PF,27,NOP,31,27,830,5.7,12.2,.465,0.0,0.0,,5.7,12.2,.465,1.7,2.2,.780,2.2,5.6,7.9,1.3,0.5,1.3,1.2,4.3,13.1
399,Josh Smith,SF,28,DET,66,65,2381,6.8,16.2,.418,0.8,3.3,.250,5.9,12.9,.461,2.3,4.1,.553,1.5,5.6,7.1,3.4,1.5,1.5,2.6,2.5,16.7
400,Tony Snell,SG,22,CHI,60,12,1104,3.8,9.8,.384,1.7,5.3,.327,2.1,4.6,.450,0.9,1.2,.757,0.6,3.1,3.7,2.1,0.8,0.4,1.3,2.4,10.2
Rk,Player,Pos,Age,Tm,G,GS,MP,FG,FGA,FG%,3P,3PA,3P%,2P,2PA,2P%,FT,FTA,FT%,ORB,DRB,TRB,AST,STL,BLK,TOV,PF,PTS
401,James Southerland,SF,23,CHA,1,0,3,0.0,36.0,.000,0.0,12.0,.000,0.0,24.0,.000,0.0,0.0,,0.0,0.0,0.0,0.0,0.0,0.0,0.0,0.0,0.0
402,Marreese Speights,C,26,GSW,65,0,723,6.7,15.8,.421,0.4,1.3,.296,6.3,14.5,.433,4.6,5.5,.838,3.8,6.4,10.2,1.1,0.2,1.4,2.3,5.3,18.4
403,Tiago Splitter,C,29,SAS,46,39,974,5.2,9.8,.528,0.0,0.0,.000,5.2,9.8,.530,3.7,5.3,.694,3.5,6.6,10.1,2.3,0.9,0.9,2.1,3.3,14.0
404,Lance Stephenson,SG,23,IND,64,64,2289,5.6,11.4,.494,1.1,3.1,.344,4.6,8.3,.550,1.8,2.5,.706,1.3,6.1,7.4,5.0,0.7,0.1,2.7,2.5,14.1
405,Greg Stiemsma,C,28,NOP,42,8,772,2.4,3.9,.627,0.0,0.0,,2.4,3.9,.627,0.6,1.0,.571,2.9,5.4,8.3,1.3,1.0,2.1,1.5,5.9,5.4
406,Julyan Stone,SG,25,TOR,21,0,120,2.1,5.1,.412,0.6,2.4,.250,1.5,2.7,.556,0.6,0.9,.667,0.6,5.4,6.0,3.6,0.9,0.0,1.5,3.9,5.4
407,Amar'e Stoudemire,C,31,NYK,51,7,1063,7.6,13.8,.553,0.0,0.0,,7.6,13.8,.553,3.6,5.1,.707,2.9,5.0,8.0,0.8,0.7,0.9,2.5,4.2,18.8
408,Rodney Stuckey,SG,27,DET,58,0,1509,6.8,15.7,.435,0.4,1.6,.277,6.4,14.1,.452,4.3,5.3,.824,0.7,2.5,3.2,2.8,1.1,0.2,2.2,2.6,18.4
409,Jared Sullinger,PF,21,BOS,62,41,1679,6.8,15.9,.425,0.8,3.4,.244,5.9,12.5,.475,2.8,3.5,.782,4.5,6.5,11.0,2.1,0.6,0.9,2.2,4.5,17.2
410,Jeff Taylor,SF,24,CHA,26,8,629,4.7,12.5,.376,1.0,3.8,.269,3.7,8.6,.424,1.5,2.7,.553,0.9,2.6,3.4,1.3,0.7,0.3,1.4,3.5,11.9
411,Tyshawn Taylor,PG,23,BRK,23,3,270,4.1,12.1,.341,0.4,1.6,.250,3.7,10.5,.354,3.2,4.0,.800,0.4,1.6,2.0,4.8,1.6,0.1,4.1,3.9,11.9
412,Jeff Teague,PG,25,ATL,61,61,1966,6.3,14.8,.426,0.8,2.8,.283,5.5,12.0,.459,4.5,5.4,.832,0.5,2.4,3.0,7.8,1.3,0.3,3.5,2.3,17.9
413,Marquis Teague,SG,20,TOT,31,2,347,3.2,10.1,.320,0.4,1.6,.267,2.8,8.5,.329,2.1,2.8,.741,0.1,3.1,3.2,4.8,0.7,0.4,3.0,4.0,8.9
414,Mirza Teletovic,SF,28,BRK,57,6,1062,5.7,13.5,.420,3.4,8.8,.379,2.3,4.6,.496,1.1,1.5,.689,1.5,5.4,6.9,1.6,0.7,0.7,1.5,3.8,15.7
415,Garrett Temple,SG,27,WAS,61,0,618,2.7,7.7,.353,0.3,1.6,.179,2.4,6.1,.400,1.6,2.3,.675,1.2,2.6,3.8,4.2,2.0,0.6,2.4,4.2,7.3
416,Jason Terry,PG,36,BRK,35,0,570,3.5,9.6,.362,2.5,6.5,.379,1.0,3.1,.327,0.6,0.9,.667,0.3,2.1,2.3,3.5,0.8,0.0,1.7,3.0,10.0
417,Hasheem Thabeet,C,26,OKC,15,0,123,3.5,5.0,.706,0.0,0.0,,3.5,5.0,.706,0.3,1.5,.200,2.6,7.3,10.0,0.3,0.9,1.8,2.6,8.8,7.3
418,Adonis Thomas,SF,20,ORL,4,0,24,4.5,13.5,.333,0.0,4.5,.000,4.5,9.0,.500,1.5,1.5,1.000,0.0,4.5,4.5,3.0,0.0,0.0,0.0,3.0,10.5
419,Isaiah Thomas,PG,24,SAC,67,49,2333,7.2,15.9,.452,1.9,5.3,.354,5.3,10.6,.500,5.0,5.8,.854,0.6,2.3,2.9,6.5,1.4,0.1,3.1,2.6,21.2
420,Lance Thomas,SF,25,NOP,5,0,42,1.7,7.7,.222,0.0,0.0,,1.7,7.7,.222,1.7,3.4,.500,1.7,4.3,6.0,2.6,0.0,0.0,1.7,3.4,5.1
Rk,Player,Pos,Age,Tm,G,GS,MP,FG,FGA,FG%,3P,3PA,3P%,2P,2PA,2P%,FT,FTA,FT%,ORB,DRB,TRB,AST,STL,BLK,TOV,PF,PTS
421,Malcolm Thomas,PF,25,TOT,5,0,38,2.8,9.5,.300,0.0,1.9,.000,2.8,7.6,.375,0.0,1.9,.000,3.8,11.4,15.2,1.9,0.0,2.8,3.8,0.9,5.7
422,Hollis Thompson,SF,22,PHI,61,27,1325,3.6,7.9,.455,1.1,3.2,.342,2.5,4.8,.531,1.1,1.6,.683,1.7,3.8,5.5,1.4,1.1,0.2,1.2,2.7,9.4
423,Jason Thompson,PF,27,SAC,67,57,1686,4.5,9.0,.505,0.0,0.0,,4.5,9.0,.505,1.5,2.5,.593,2.8,6.4,9.2,1.0,0.5,1.0,1.7,4.5,10.5
424,Klay Thompson,SG,23,GSW,67,67,2409,6.8,15.4,.440,2.7,6.6,.412,4.1,8.9,.460,1.8,2.3,.783,0.5,2.6,3.0,2.3,1.0,0.5,1.7,2.9,18.1
425,Tristan Thompson,PF,22,CLE,67,67,2178,5.1,10.8,.469,0.0,0.0,.000,5.1,10.8,.469,3.0,4.5,.668,3.7,6.6,10.3,1.0,0.5,0.4,1.6,2.5,13.1
426,Marcus Thornton,SG,26,TOT,56,26,1358,5.0,12.6,.399,2.1,6.1,.338,2.9,6.4,.457,1.4,1.8,.783,1.2,2.6,3.8,1.5,1.1,0.2,1.2,2.3,13.5
427,Jamaal Tinsley,PG,35,UTA,8,5,110,1.3,6.5,.200,0.3,4.9,.067,1.0,1.6,.600,0.0,0.0,,0.7,2.9,3.6,7.5,0.7,0.0,2.9,3.3,2.9
428,Anthony Tolliver,PF,28,CHA,56,9,1190,3.4,8.2,.421,2.7,6.6,.410,0.8,1.6,.463,0.9,1.1,.811,0.9,3.5,4.4,1.1,0.5,0.5,0.6,2.2,10.5
429,P.J. Tucker,SF,28,PHO,65,65,2013,3.8,8.9,.432,1.0,2.6,.399,2.8,6.3,.446,2.3,3.0,.775,2.5,5.3,7.7,2.2,1.6,0.3,1.5,2.8,11.0
430,Ronny Turiaf,PF,31,MIN,23,10,480,3.2,5.7,.553,0.0,0.0,,3.2,5.7,.553,0.8,2.5,.324,3.3,6.6,9.9,1.5,0.5,2.9,1.4,3.8,7.1
431,Hedo Turkoglu,SF,34,LAC,26,0,272,2.9,8.1,.361,1.5,3.3,.440,1.5,4.8,.306,0.8,1.7,.462,1.2,7.4,8.6,4.0,2.0,0.9,2.0,4.4,8.1
432,Evan Turner,SF,25,TOT,65,54,2142,6.7,15.5,.433,0.7,2.4,.306,6.0,13.1,.456,3.4,4.2,.819,0.9,5.1,6.0,3.7,1.0,0.1,2.8,2.9,17.6
433,Jeremy Tyler,C,22,NYK,32,0,330,5.7,10.6,.536,0.0,0.0,,5.7,10.6,.536,2.4,4.4,.550,4.0,7.0,11.0,0.7,0.7,2.1,2.2,6.3,13.7
434,Ekpe Udoh,PF,26,MIL,37,14,724,2.5,6.4,.398,0.0,0.0,,2.5,6.4,.398,1.4,2.2,.644,2.9,4.0,6.9,1.3,0.7,1.9,1.7,4.4,6.5
435,Beno Udrih,SG,31,TOT,35,12,609,4.2,9.8,.428,1.1,2.5,.452,3.1,7.3,.419,1.4,1.7,.857,0.6,2.8,3.4,6.7,1.4,0.2,2.6,2.8,10.9
436,Jonas Valanciunas,C,21,TOR,65,65,1781,5.6,10.7,.521,0.0,0.0,.000,5.6,10.7,.522,2.6,3.6,.729,3.6,7.5,11.1,0.9,0.4,1.2,2.3,4.2,13.7
437,Anderson Varejao,C,31,CLE,52,29,1512,4.4,9.0,.483,0.0,0.1,.000,4.4,8.9,.489,1.7,2.5,.679,3.8,8.6,12.4,3.0,1.4,0.9,1.4,3.0,10.4
438,Jarvis Varnado,PF,25,TOT,9,0,93,2.7,5.4,.500,0.0,0.0,,2.7,5.4,.500,3.5,6.6,.529,3.5,5.4,8.9,0.8,0.8,1.5,0.8,7.4,8.9
439,Greivis Vasquez,SG-PG,27,TOT,62,19,1353,5.2,12.9,.401,1.8,5.3,.335,3.4,7.6,.447,1.8,2.1,.885,0.5,3.1,3.5,7.0,0.7,0.1,2.6,2.9,13.9
440,Jan Vesely,PF,23,TOT,42,1,571,3.8,7.7,.492,0.0,0.0,,3.8,7.7,.492,0.8,2.7,.279,3.8,4.9,8.8,0.8,2.3,1.6,1.6,5.1,8.3
Rk,Player,Pos,Age,Tm,G,GS,MP,FG,FGA,FG%,3P,3PA,3P%,2P,2PA,2P%,FT,FTA,FT%,ORB,DRB,TRB,AST,STL,BLK,TOV,PF,PTS
441,Charlie Villanueva,PF,29,DET,17,0,150,7.2,18.0,.400,2.6,10.6,.250,4.6,7.4,.613,1.9,3.4,.571,1.2,5.8,7.0,1.2,1.0,1.0,1.7,1.9,19.0
442,Nikola Vucevic,C,23,ORL,49,49,1569,6.8,13.5,.508,0.0,0.0,,6.8,13.5,.508,2.2,2.9,.776,3.6,8.8,12.5,2.0,1.2,1.0,2.3,3.5,15.9
443,Sasha Vujacic,SG,29,LAC,2,0,10,7.2,18.0,.400,3.6,7.2,.500,3.6,10.8,.333,0.0,0.0,,0.0,10.8,10.8,0.0,3.6,0.0,10.8,3.6,18.0
444,Dwyane Wade,SG,32,MIA,48,47,1613,8.4,15.3,.550,0.2,0.6,.333,8.2,14.7,.559,3.8,5.1,.746,1.2,3.8,5.0,5.2,1.6,0.6,3.1,2.2,20.8
445,Dion Waiters,SG,22,CLE,55,9,1532,7.2,17.0,.424,1.6,4.2,.374,5.6,12.8,.440,2.7,4.0,.675,0.6,3.0,3.7,3.4,1.1,0.2,2.8,2.7,18.7
446,Kemba Walker,PG,23,CHA,60,60,2145,6.3,15.5,.405,1.4,4.3,.337,4.8,11.2,.430,3.9,4.7,.826,0.6,3.7,4.2,5.8,1.3,0.5,2.5,1.8,17.9
447,John Wall,PG,23,WAS,66,66,2430,7.0,16.2,.433,1.3,3.7,.355,5.7,12.4,.456,4.1,5.0,.818,0.5,3.6,4.1,8.5,1.9,0.5,3.5,2.6,19.4
448,Gerald Wallace,SF,31,BOS,58,16,1416,2.9,5.8,.504,0.5,1.6,.297,2.5,4.2,.584,1.2,2.6,.465,0.9,4.5,5.4,3.6,1.9,0.4,2.5,2.0,7.6
449,C.J. Watson,PG,29,IND,60,5,1132,4.3,10.0,.427,1.4,4.3,.336,2.8,5.7,.494,2.0,2.5,.788,0.6,2.4,3.1,3.3,1.7,0.3,1.7,2.0,12.0
450,Earl Watson,PG,34,POR,19,0,120,0.9,2.1,.429,0.6,1.5,.400,0.3,0.6,.500,1.2,1.2,1.000,1.5,1.8,3.3,6.6,0.9,0.3,3.9,7.8,3.6
451,Maalik Wayns,PG,22,LAC,2,0,9,4.0,8.0,.500,0.0,0.0,,4.0,8.0,.500,0.0,0.0,,0.0,8.0,8.0,8.0,8.0,0.0,0.0,16.0,8.0
452,Martell Webster,SF,27,WAS,62,13,1780,4.4,10.1,.437,2.5,6.4,.393,1.9,3.7,.514,1.8,2.1,.848,0.6,3.2,3.8,1.6,0.7,0.3,1.0,2.5,13.1
453,David West,PF,33,IND,66,66,2007,6.9,13.9,.497,0.1,0.2,.250,6.9,13.7,.501,2.9,3.8,.764,1.8,6.1,7.9,3.4,1.0,1.1,2.1,2.6,16.8
454,Russell Westbrook,PG,25,OKC,35,35,1090,8.6,19.8,.435,1.8,5.4,.346,6.7,14.4,.468,5.8,7.2,.812,1.3,5.2,6.5,8.2,2.3,0.1,4.7,2.4,24.9
455,Deron Williams,PG,29,BRK,48,42,1526,5.6,12.5,.449,1.6,4.4,.366,4.0,8.1,.494,3.1,3.8,.802,0.2,2.7,2.8,7.2,1.5,0.3,2.6,2.6,15.9
456,Derrick Williams,SF-PF,22,TOT,64,13,1517,4.4,10.0,.438,0.5,2.1,.264,3.8,7.9,.484,3.9,5.3,.724,1.4,5.0,6.5,1.1,1.0,0.4,1.5,2.4,13.2
457,Elliot Williams,SG,24,PHI,51,2,794,3.8,10.2,.371,1.1,4.0,.284,2.6,6.2,.426,2.9,3.9,.747,1.0,3.4,4.3,1.9,1.0,0.0,2.1,4.2,11.6
458,Louis Williams,PG,27,ATL,46,6,1111,4.8,12.5,.382,2.1,5.9,.361,2.6,6.5,.401,3.3,3.9,.835,0.3,2.6,2.9,5.3,1.3,0.1,2.4,1.6,14.9
459,Marvin Williams,PF,27,UTA,55,46,1413,5.1,11.5,.445,1.9,5.1,.378,3.2,6.4,.498,1.2,1.6,.790,1.8,5.5,7.3,1.7,1.1,0.7,1.2,3.3,13.4
460,Mo Williams,PG,31,POR,61,0,1501,5.4,13.4,.408,1.7,4.5,.371,3.8,8.9,.426,1.3,1.5,.871,0.9,2.2,3.1,6.5,1.2,0.2,2.9,4.1,13.8
Rk,Player,Pos,Age,Tm,G,GS,MP,FG,FGA,FG%,3P,3PA,3P%,2P,2PA,2P%,FT,FTA,FT%,ORB,DRB,TRB,AST,STL,BLK,TOV,PF,PTS
461,Reggie Williams,F,27,OKC,1,0,5,14.4,28.8,.500,7.2,7.2,1.000,7.2,21.6,.333,0.0,0.0,,0.0,0.0,0.0,0.0,0.0,0.0,7.2,0.0,36.0
462,Shawne Williams,PF,27,LAL,36,13,751,3.5,9.2,.380,2.0,6.2,.326,1.5,3.0,.492,0.7,1.0,.700,1.2,6.8,8.0,1.4,0.9,1.4,1.0,4.5,9.7
463,Jeff Withey,C,23,NOP,42,0,416,2.9,5.9,.500,0.0,0.0,,2.9,5.9,.500,2.2,2.9,.735,2.9,5.7,8.7,1.5,1.0,2.0,1.1,4.2,8.0
464,Nate Wolters,PG,22,MIL,56,29,1261,4.8,10.9,.441,0.5,1.7,.295,4.3,9.1,.469,1.6,2.5,.663,0.9,3.2,4.1,5.1,1.0,0.4,1.5,1.8,11.7
465,Metta World Peace,SF,34,NYK,29,1,388,5.2,13.1,.397,1.6,5.0,.315,3.6,8.1,.448,0.9,1.5,.625,1.7,3.8,5.5,1.6,2.2,0.7,1.8,4.1,12.9
466,Brandan Wright,C,26,DAL,43,0,778,7.8,11.8,.659,0.0,0.0,,7.8,11.8,.659,2.8,3.8,.732,3.4,5.0,8.5,1.0,1.2,1.9,1.3,3.3,18.3
467,Chris Wright,F,25,MIL,1,0,7,0.0,10.3,.000,0.0,0.0,,0.0,10.3,.000,15.4,20.6,.750,0.0,0.0,0.0,0.0,5.1,0.0,0.0,5.1,15.4
468,Dorell Wright,SF,28,POR,53,7,738,4.2,10.7,.391,2.8,7.6,.372,1.4,3.1,.438,2.0,2.6,.755,1.0,5.1,6.1,2.3,0.9,0.5,1.4,2.3,13.2
469,Tony Wroten,SG,20,PHI,59,13,1431,7.2,17.0,.427,0.8,3.8,.216,6.4,13.1,.489,4.5,6.9,.647,1.6,3.2,4.8,4.0,1.6,0.4,4.2,2.9,19.8
470,Nick Young,SG,28,LAL,49,9,1400,7.1,16.9,.421,2.1,6.0,.352,5.0,10.9,.459,4.8,5.8,.827,0.6,2.8,3.3,1.8,0.8,0.3,2.0,3.1,21.1
471,Thaddeus Young,PF,25,PHI,63,62,2137,7.8,16.8,.463,1.1,3.5,.304,6.7,13.3,.504,2.1,3.1,.694,2.4,4.1,6.5,2.4,2.3,0.4,2.2,2.8,18.8
472,Cody Zeller,C,21,CHA,67,0,1127,4.2,10.4,.405,0.0,0.0,.000,4.2,10.4,.406,3.4,4.5,.752,2.8,6.3,9.1,2.5,1.1,1.0,2.2,4.8,11.8
473,Tyler Zeller,C,24,CLE,56,9,808,4.8,9.4,.512,0.0,0.0,.000,4.8,9.4,.514,3.0,4.1,.736,3.7,6.3,10.0,1.2,0.7,1.4,2.3,5.0,12.6